,ip_address,target_geo_country
0,101.32.113.139,NL
1,101.32.113.56,NL
2,101.33.29.101,NL
3,103.145.13.39,NL
4,103.145.13.97,NL
5,104.248.206.124,NL
6,104.28.155.221,NL
7,109.107.177.36,NL
8,109.201.130.11,NL
9,109.201.133.205,NL
10,109.201.134.96,NL
11,109.201.152.164,NL
12,109.201.152.167,NL
13,109.201.152.168,NL
14,109.201.152.169,NL
15,109.202.99.130,NL
16,109.206.181.2,NL
17,109.206.182.60,NL
18,109.206.240.147,NL
19,109.206.240.231,NL
20,109.206.240.9,NL
21,113.30.189.131,NL
22,128.116.121.3,NL
23,128.199.55.244,NL
24,13.69.109.130,NL
25,13.69.109.131,NL
26,13.69.116.104,NL
27,13.69.53.91,NL
28,134.122.48.26,NL
29,134.19.179.235,NL
30,134.19.188.91,NL
31,134.209.207.188,NL
32,134.209.81.221,NL
33,134.209.86.173,NL
34,137.221.104.122,NL
35,137.221.104.172,NL
36,137.221.105.136,NL
37,137.221.105.152,NL
38,137.221.106.103,NL
39,137.221.106.121,NL
40,137.221.106.19,NL
41,137.221.106.22,NL
42,138.199.7.132,NL
43,139.45.195.6,NL
44,139.45.195.8,NL
45,139.45.197.230,NL
46,139.45.197.238,NL
47,139.45.197.239,NL
48,139.45.197.245,NL
49,139.45.197.252,NL
50,139.45.197.253,NL
51,139.45.240.82,NL
52,141.11.246.202,NL
53,141.148.230.12,NL
54,142.250.76.163,NL
55,142.93.130.159,NL
56,142.93.233.136,NL
57,143.177.14.24,NL
58,143.178.202.73,NL
59,143.244.41.219,NL
60,143.244.42.103,NL
61,143.47.185.35,NL
62,145.40.96.135,NL
63,145.90.8.10,NL
64,146.190.22.109,NL
65,146.190.229.33,NL
66,147.78.103.254,NL
67,149.34.244.235,NL
68,149.34.244.39,NL
69,150.109.3.9,NL
70,151.236.14.29,NL
71,154.16.180.218,NL
72,154.47.21.177,NL
73,154.47.21.180,NL
74,156.241.0.178,NL
75,157.245.69.143,NL
76,159.223.219.99,NL
77,159.223.225.116,NL
78,159.223.236.123,NL
79,159.48.55.160,NL
80,159.65.193.236,NL
81,161.35.153.48,NL
82,161.35.154.174,NL
83,161.35.95.46,NL
84,161.35.95.47,NL
85,163.123.143.103,NL
86,163.158.100.246,NL
87,163.158.57.145,NL
88,163.172.218.240,NL
89,164.90.202.89,NL
90,165.22.205.214,NL
91,165.225.29.15,NL
92,165.225.29.17,NL
93,165.232.86.47,NL
94,167.71.12.102,NL
95,167.71.7.230,NL
96,167.99.43.66,NL
97,169.150.196.30,NL
98,169.150.196.40,NL
99,169.150.223.193,NL
100,169.150.223.202,NL
101,169.150.223.207,NL
102,171.22.30.119,NL
103,171.22.30.12,NL
104,171.22.30.173,NL
105,172.107.95.30,NL
106,172.241.64.228,NL
107,172.255.232.236,NL
108,172.255.6.126,NL
109,172.255.6.229,NL
110,173.212.194.163,NL
111,173.212.202.248,NL
112,173.212.205.4,NL
113,173.212.205.73,NL
114,173.212.213.189,NL
115,173.249.19.73,NL
116,173.249.44.161,NL
117,173.249.44.162,NL
118,173.249.44.165,NL
119,173.249.44.185,NL
120,173.249.44.188,NL
121,176.97.210.201,NL
122,178.128.242.134,NL
123,178.162.130.140,NL
124,178.162.135.123,NL
125,178.162.140.83,NL
126,178.162.144.35,NL
127,178.162.144.50,NL
128,178.162.145.121,NL
129,178.162.145.230,NL
130,178.162.145.51,NL
131,178.162.145.83,NL
132,178.162.145.87,NL
133,178.162.151.197,NL
134,178.239.173.245,NL
135,178.62.203.137,NL
136,178.62.210.212,NL
137,178.84.115.247,NL
138,178.84.76.146,NL
139,178.85.157.32,NL
140,181.214.206.193,NL
141,181.214.206.62,NL
142,185.104.29.118,NL
143,185.107.45.46,NL
144,185.107.71.129,NL
145,185.107.71.130,NL
146,185.107.71.132,NL
147,185.107.71.133,NL
148,185.107.71.137,NL
149,185.107.71.138,NL
150,185.107.71.139,NL
151,185.107.71.140,NL
152,185.107.71.144,NL
153,185.107.71.145,NL
154,185.107.71.146,NL
155,185.107.71.147,NL
156,185.107.80.78,NL
157,185.107.80.86,NL
158,185.107.94.140,NL
159,185.107.94.29,NL
160,185.107.94.58,NL
161,185.107.95.68,NL
162,185.107.95.69,NL
163,185.107.95.79,NL
164,185.107.95.90,NL
165,185.117.72.109,NL
166,185.126.33.67,NL
167,185.132.133.141,NL
168,185.132.178.151,NL
169,185.14.31.225,NL
170,185.142.236.34,NL
171,185.142.236.35,NL
172,185.142.236.36,NL
173,185.142.236.38,NL
174,185.142.239.16,NL
175,185.149.90.106,NL
176,185.149.90.17,NL
177,185.149.90.23,NL
178,185.149.90.54,NL
179,185.149.90.72,NL
180,185.151.204.200,NL
181,185.151.204.201,NL
182,185.151.204.32,NL
183,185.151.204.50,NL
184,185.151.204.51,NL
185,185.151.204.6,NL
186,185.156.73.150,NL
187,185.156.73.153,NL
188,185.156.73.157,NL
189,185.156.73.54,NL
190,185.156.73.91,NL
191,185.162.184.14,NL
192,185.162.184.18,NL
193,185.162.184.5,NL
194,185.162.184.7,NL
195,185.162.184.9,NL
196,185.162.235.166,NL
197,185.162.235.176,NL
198,185.162.235.253,NL
199,185.167.96.138,NL
200,185.167.96.146,NL
201,185.167.96.150,NL
202,185.167.97.191,NL
203,185.167.97.229,NL
204,185.167.97.244,NL
205,185.167.97.31,NL
206,185.167.97.38,NL
207,185.167.98.76,NL
208,185.177.139.22,NL
209,185.182.193.109,NL
210,185.182.194.85,NL
211,185.183.32.146,NL
212,185.184.8.90,NL
213,185.198.59.153,NL
214,185.208.130.94,NL
215,185.213.175.87,NL
216,185.214.99.126,NL
217,185.216.140.132,NL
218,185.216.71.65,NL
219,185.217.95.187,NL
220,185.220.205.185,NL
221,185.220.205.196,NL
222,185.220.205.248,NL
223,185.221.202.29,NL
224,185.223.93.28,NL
225,185.224.128.17,NL
226,185.224.128.213,NL
227,185.224.128.227,NL
228,185.224.128.249,NL
229,185.224.129.177,NL
230,185.225.73.170,NL
231,185.225.73.79,NL
232,185.225.74.132,NL
233,185.225.74.39,NL
234,185.225.74.53,NL
235,185.225.74.55,NL
236,185.229.191.10,NL
237,185.229.54.191,NL
238,185.231.223.149,NL
239,185.236.228.66,NL
240,185.246.220.76,NL
241,185.246.220.98,NL
242,185.53.90.26,NL
243,185.56.20.101,NL
244,185.65.134.166,NL
245,185.65.134.167,NL
246,185.73.221.237,NL
247,185.73.221.243,NL
248,185.75.252.140,NL
249,185.88.180.98,NL
250,185.94.188.130,NL
251,185.94.188.254,NL
252,185.98.53.17,NL
253,185.98.53.29,NL
254,188.166.39.19,NL
255,188.166.65.146,NL
256,188.166.70.159,NL
257,188.166.81.73,NL
258,188.166.91.144,NL
259,188.72.98.103,NL
260,190.2.148.15,NL
261,191.96.168.97,NL
262,192.42.116.241,NL
263,192.42.116.242,NL
264,192.42.116.244,NL
265,193.118.53.138,NL
266,193.118.53.139,NL
267,193.118.53.141,NL
268,193.118.55.162,NL
269,193.118.55.163,NL
270,193.118.55.164,NL
271,193.118.55.165,NL
272,193.118.55.166,NL
273,193.118.55.170,NL
274,193.118.55.172,NL
275,193.142.146.21,NL
276,193.142.146.35,NL
277,193.163.71.23,NL
278,193.23.249.120,NL
279,193.23.249.57,NL
280,193.32.162.159,NL
281,193.32.162.173,NL
282,193.32.249.137,NL
283,193.32.249.163,NL
284,193.32.249.168,NL
285,193.32.249.171,NL
286,193.32.249.175,NL
287,193.35.18.128,NL
288,193.35.18.135,NL
289,193.35.18.140,NL
290,193.35.18.163,NL
291,193.35.18.168,NL
292,193.35.18.197,NL
293,193.35.18.221,NL
294,193.35.18.224,NL
295,193.35.18.33,NL
296,193.35.18.34,NL
297,193.35.18.37,NL
298,193.42.33.113,NL
299,193.42.33.21,NL
300,193.47.61.149,NL
301,193.47.61.193,NL
302,193.57.40.49,NL
303,194.127.173.15,NL
304,194.180.49.104,NL
305,194.36.190.93,NL
306,194.49.94.56,NL
307,194.49.94.63,NL
308,194.87.151.204,NL
309,195.133.40.16,NL
310,195.133.40.73,NL
311,195.169.125.251,NL
312,195.20.49.208,NL
313,195.20.51.84,NL
314,195.240.107.69,NL
315,195.78.54.131,NL
316,195.78.54.170,NL
317,195.78.54.21,NL
318,195.78.54.237,NL
319,195.78.54.34,NL
320,195.85.23.30,NL
321,195.85.23.88,NL
322,198.16.80.34,NL
323,20.50.2.28,NL
324,20.50.201.195,NL
325,20.50.201.200,NL
326,20.50.201.201,NL
327,206.189.0.60,NL
328,207.180.192.205,NL
329,207.180.192.206,NL
330,208.109.189.164,NL
331,212.102.35.140,NL
332,212.127.226.127,NL
333,212.178.135.62,NL
334,212.178.154.174,NL
335,212.192.216.138,NL
336,212.32.230.228,NL
337,212.32.236.201,NL
338,212.32.243.201,NL
339,212.32.243.202,NL
340,212.32.243.203,NL
341,212.32.244.158,NL
342,212.32.252.231,NL
343,212.32.252.235,NL
344,212.32.254.122,NL
345,212.87.204.100,NL
346,212.87.204.147,NL
347,212.92.64.66,NL
348,213.10.246.148,NL
349,213.126.43.162,NL
350,213.152.161.181,NL
351,213.152.165.98,NL
352,213.188.196.246,NL
353,213.188.223.117,NL
354,213.227.129.3,NL
355,213.227.140.68,NL
356,213.227.142.30,NL
357,213.247.67.102,NL
358,213.34.163.254,NL
359,213.93.45.105,NL
360,216.131.88.244,NL
361,217.102.163.89,NL
362,217.103.7.11,NL
363,217.104.122.245,NL
364,217.121.244.44,NL
365,217.146.87.160,NL
366,217.23.1.103,NL
367,217.23.12.105,NL
368,23.109.248.16,NL
369,23.109.248.179,NL
370,23.109.248.22,NL
371,23.83.127.170,NL
372,23.90.160.138,NL
373,23.90.160.139,NL
374,23.90.160.142,NL
375,23.90.160.146,NL
376,23.90.160.147,NL
377,23.90.160.148,NL
378,23.90.160.149,NL
379,31.20.219.185,NL
380,31.201.56.216,NL
381,31.201.86.161,NL
382,31.21.169.125,NL
383,31.220.1.83,NL
384,31.42.176.103,NL
385,37.1.204.84,NL
386,37.1.205.89,NL
387,37.16.75.60,NL
388,37.251.110.198,NL
389,37.48.111.195,NL
390,37.48.67.25,NL
391,37.48.68.87,NL
392,37.48.68.90,NL
393,37.48.77.107,NL
394,37.48.85.85,NL
395,37.48.89.149,NL
396,37.48.89.166,NL
397,37.48.89.179,NL
398,37.48.89.196,NL
399,37.48.89.213,NL
400,37.48.93.184,NL
401,37.48.95.108,NL
402,37.48.95.164,NL
403,37.48.95.174,NL
404,37.48.95.175,NL
405,37.48.95.194,NL
406,37.48.95.83,NL
407,40.113.105.173,NL
408,40.114.211.99,NL
409,45.12.253.28,NL
410,45.128.135.34,NL
411,45.128.199.68,NL
412,45.128.232.56,NL
413,45.128.27.251,NL
414,45.128.3.138,NL
415,45.133.44.24,NL
416,45.133.44.25,NL
417,45.133.44.3,NL
418,45.133.44.7,NL
419,45.133.44.8,NL
420,45.133.44.9,NL
421,45.134.144.119,NL
422,45.134.144.198,NL
423,45.134.144.211,NL
424,45.134.225.229,NL
425,45.136.229.146,NL
426,45.136.229.9,NL
427,45.136.230.249,NL
428,45.138.25.75,NL
429,45.140.190.10,NL
430,45.143.221.9,NL
431,45.144.219.140,NL
432,45.148.122.69,NL
433,45.148.122.84,NL
434,45.152.209.137,NL
435,45.152.211.114,NL
436,45.76.32.64,NL
437,45.8.17.69,NL
438,45.81.39.134,NL
439,45.81.39.73,NL
440,45.86.200.221,NL
441,45.91.209.103,NL
442,46.166.179.212,NL
443,46.166.191.25,NL
444,46.166.191.26,NL
445,46.166.191.27,NL
446,46.166.191.28,NL
447,46.166.191.29,NL
448,46.232.210.117,NL
449,46.232.210.150,NL
450,46.232.210.157,NL
451,46.232.210.160,NL
452,46.232.210.179,NL
453,46.232.210.180,NL
454,46.232.210.20,NL
455,46.232.210.210,NL
456,46.232.210.217,NL
457,46.232.210.30,NL
458,46.232.210.50,NL
459,46.232.210.53,NL
460,46.232.210.79,NL
461,46.232.210.88,NL
462,46.232.211.108,NL
463,46.232.211.110,NL
464,46.232.211.117,NL
465,46.232.211.130,NL
466,46.232.211.171,NL
467,46.232.211.180,NL
468,46.232.211.198,NL
469,46.232.211.200,NL
470,46.232.211.240,NL
471,46.232.211.30,NL
472,46.232.211.38,NL
473,46.232.211.40,NL
474,46.232.211.48,NL
475,46.232.211.60,NL
476,46.232.211.79,NL
477,46.232.211.98,NL
478,46.249.49.129,NL
479,5.180.181.200,NL
480,5.189.183.129,NL
481,5.189.185.57,NL
482,5.189.187.90,NL
483,5.189.188.23,NL
484,5.254.48.130,NL
485,5.254.48.135,NL
486,5.45.62.19,NL
487,5.45.62.53,NL
488,5.45.76.46,NL
489,5.45.87.147,NL
490,5.61.58.201,NL
491,5.79.104.251,NL
492,5.79.67.19,NL
493,5.79.73.121,NL
494,5.79.77.21,NL
495,5.79.77.82,NL
496,5.79.79.131,NL
497,5.79.83.193,NL
498,5.79.83.194,NL
499,5.79.93.242,NL
500,5.79.97.53,NL
501,5.79.98.149,NL
502,5.79.98.188,NL
503,5.79.98.210,NL
504,5.79.98.220,NL
505,5.79.98.81,NL
506,51.105.247.171,NL
507,51.136.14.31,NL
508,51.137.101.121,NL
509,51.15.104.33,NL
510,51.15.107.52,NL
511,51.15.108.68,NL
512,51.15.109.176,NL
513,51.15.11.91,NL
514,51.15.113.254,NL
515,51.15.114.137,NL
516,51.15.114.8,NL
517,51.15.116.175,NL
518,51.15.120.110,NL
519,51.15.120.15,NL
520,51.15.120.51,NL
521,51.15.121.83,NL
522,51.15.21.102,NL
523,51.15.38.152,NL
524,51.15.41.251,NL
525,51.15.41.46,NL
526,51.15.51.212,NL
527,51.15.55.204,NL
528,51.15.63.172,NL
529,51.15.7.212,NL
530,51.15.70.79,NL
531,51.15.78.68,NL
532,51.15.79.209,NL
533,51.15.8.40,NL
534,51.15.80.165,NL
535,51.15.80.245,NL
536,51.15.96.242,NL
537,51.158.166.79,NL
538,51.158.174.45,NL
539,51.158.176.41,NL
540,51.158.177.66,NL
541,51.158.178.194,NL
542,51.158.182.173,NL
543,51.158.182.52,NL
544,51.158.184.137,NL
545,52.178.17.2,NL
546,52.178.17.3,NL
547,58.142.150.151,NL
548,62.112.9.166,NL
549,62.131.158.163,NL
550,62.131.230.190,NL
551,62.131.80.117,NL
552,62.163.152.4,NL
553,62.163.157.67,NL
554,62.163.194.207,NL
555,62.163.247.80,NL
556,62.163.48.249,NL
557,68.183.3.13,NL
558,77.160.26.233,NL
559,77.160.48.9,NL
560,77.161.102.81,NL
561,77.161.68.208,NL
562,77.163.101.198,NL
563,77.166.189.221,NL
564,77.166.254.110,NL
565,77.166.73.71,NL
566,77.170.185.30,NL
567,77.173.55.97,NL
568,77.174.173.114,NL
569,77.174.181.56,NL
570,77.247.178.183,NL
571,77.247.181.213,NL
572,77.247.181.216,NL
573,77.247.181.218,NL
574,77.250.178.160,NL
575,77.250.71.52,NL
576,77.251.158.49,NL
577,77.63.8.228,NL
578,79.110.62.218,NL
579,79.110.63.140,NL
580,80.114.123.125,NL
581,80.114.210.11,NL
582,80.114.216.43,NL
583,80.115.247.177,NL
584,80.57.160.40,NL
585,80.61.16.110,NL
586,80.79.7.205,NL
587,80.82.76.246,NL
588,80.82.77.139,NL
589,80.82.77.33,NL
590,80.87.206.165,NL
591,81.161.229.224,NL
592,81.171.17.34,NL
593,81.171.17.44,NL
594,81.171.17.5,NL
595,81.171.17.59,NL
596,81.171.17.71,NL
597,81.171.18.114,NL
598,81.171.21.111,NL
599,81.171.28.43,NL
600,81.171.6.202,NL
601,81.171.6.81,NL
602,81.171.6.90,NL
603,81.171.9.164,NL
604,81.171.9.203,NL
605,81.19.208.94,NL
606,81.204.223.82,NL
607,81.205.244.134,NL
608,81.206.159.142,NL
609,81.59.84.96,NL
610,81.68.118.32,NL
611,81.68.134.31,NL
612,81.68.195.101,NL
613,81.68.77.245,NL
614,82.145.213.8,NL
615,82.148.193.44,NL
616,82.170.180.92,NL
617,82.174.162.162,NL
618,82.174.179.221,NL
619,82.180.149.144,NL
620,82.192.80.227,NL
621,82.192.85.134,NL
622,82.192.87.105,NL
623,82.196.0.207,NL
624,82.217.40.121,NL
625,82.217.6.173,NL
626,82.73.225.244,NL
627,82.73.51.8,NL
628,83.149.84.234,NL
629,83.149.93.8,NL
630,83.229.82.155,NL
631,83.81.170.16,NL
632,83.83.167.156,NL
633,83.85.166.166,NL
634,83.86.237.61,NL
635,83.87.102.176,NL
636,83.87.19.113,NL
637,84.17.46.213,NL
638,84.17.46.244,NL
639,84.17.47.94,NL
640,84.22.117.234,NL
641,84.24.219.155,NL
642,84.241.194.158,NL
643,84.241.197.187,NL
644,84.247.45.17,NL
645,84.27.121.83,NL
646,84.82.74.153,NL
647,84.85.156.70,NL
648,84.87.55.139,NL
649,84.87.71.50,NL
650,85.147.208.79,NL
651,85.149.117.3,NL
652,85.17.16.102,NL
653,85.17.19.180,NL
654,85.17.193.203,NL
655,85.17.213.223,NL
656,85.17.224.91,NL
657,85.17.225.221,NL
658,85.17.28.253,NL
659,85.17.29.160,NL
660,85.17.31.173,NL
661,85.17.80.5,NL
662,85.209.134.231,NL
663,85.31.46.253,NL
664,85.95.245.50,NL
665,86.80.252.245,NL
666,86.81.109.122,NL
667,86.84.186.41,NL
668,86.85.129.136,NL
669,86.85.62.191,NL
670,86.87.179.207,NL
671,86.87.99.107,NL
672,86.88.209.35,NL
673,86.89.166.64,NL
674,86.95.22.246,NL
675,87.208.141.32,NL
676,87.208.7.209,NL
677,87.209.222.129,NL
678,87.214.78.58,NL
679,87.215.14.89,NL
680,87.233.192.212,NL
681,88.208.29.90,NL
682,88.208.31.9,NL
683,88.208.55.28,NL
684,88.208.59.102,NL
685,88.208.60.136,NL
686,89.149.200.1,NL
687,89.149.201.132,NL
688,89.149.201.154,NL
689,89.149.201.236,NL
690,89.149.204.83,NL
691,89.149.207.194,NL
692,89.149.207.197,NL
693,89.149.207.199,NL
694,89.149.207.205,NL
695,89.149.212.51,NL
696,89.149.212.52,NL
697,89.149.219.89,NL
698,89.149.222.142,NL
699,89.149.222.207,NL
700,89.207.16.75,NL
701,89.248.163.186,NL
702,89.248.163.200,NL
703,89.248.163.215,NL
704,89.248.165.209,NL
705,89.248.165.226,NL
706,89.248.165.242,NL
707,89.248.165.52,NL
708,89.248.165.59,NL
709,89.248.167.131,NL
710,89.248.168.235,NL
711,89.248.171.179,NL
712,89.248.172.16,NL
713,89.36.23.14,NL
714,89.38.98.212,NL
715,89.46.223.188,NL
716,89.98.249.135,NL
717,90.145.30.23,NL
718,91.194.110.7,NL
719,91.194.110.8,NL
720,91.229.23.213,NL
721,92.118.39.82,NL
722,92.119.34.121,NL
723,92.60.40.243,NL
724,92.68.69.113,NL
725,92.70.4.13,NL
726,93.158.213.92,NL
727,93.174.95.106,NL
728,93.188.130.236,NL
729,94.102.49.190,NL
730,94.102.49.193,NL
731,94.102.50.103,NL
732,94.102.53.79,NL
733,94.102.61.10,NL
734,94.102.61.2,NL
735,94.102.61.20,NL
736,94.102.61.22,NL
737,94.102.61.26,NL
738,94.102.61.27,NL
739,94.102.61.28,NL
740,94.102.61.3,NL
741,94.102.61.30,NL
742,94.102.61.31,NL
743,94.102.61.32,NL
744,94.102.61.34,NL
745,94.102.61.37,NL
746,94.102.61.38,NL
747,94.102.61.39,NL
748,94.102.61.4,NL
749,94.102.61.40,NL
750,94.102.61.41,NL
751,94.102.61.42,NL
752,94.102.61.45,NL
753,94.102.61.46,NL
754,94.102.61.47,NL
755,94.102.61.48,NL
756,94.102.61.49,NL
757,94.102.61.5,NL
758,94.102.61.50,NL
759,94.102.61.53,NL
760,94.102.61.54,NL
761,94.102.61.6,NL
762,94.140.5.60,NL
763,94.140.5.66,NL
764,94.199.255.193,NL
765,94.211.27.247,NL
766,94.212.158.169,NL
767,94.75.218.175,NL
768,94.75.248.167,NL
769,95.168.161.206,NL
770,95.168.162.135,NL
771,95.168.162.155,NL
772,95.168.162.185,NL
773,95.168.162.195,NL
774,95.168.168.161,NL
775,95.172.79.221,NL
776,95.172.79.222,NL
777,95.172.79.224,NL
778,95.172.79.244,NL
779,95.211.156.232,NL
780,95.211.162.42,NL
781,95.211.19.131,NL
782,95.211.19.136,NL
783,95.211.19.140,NL
784,95.211.19.16,NL
785,95.211.19.19,NL
786,95.211.19.5,NL
787,95.211.19.74,NL
788,95.211.19.8,NL
789,95.211.190.52,NL
790,95.211.191.2,NL
791,95.211.191.96,NL
792,95.211.213.223,NL
793,95.211.229.245,NL
794,95.211.229.246,NL
795,95.211.229.247,NL
796,95.211.229.248,NL
797,95.211.31.244,NL
798,95.211.81.51,NL
799,95.97.95.10,NL
800,96.17.200.242,NL
801,98.98.134.241,NL
