,ip_address
0,197.234.61.171
1,197.253.89.131
2,197.253.84.85
3,34.149.100.209
4,197.253.92.180
5,41.171.118.175
6,197.253.71.127
7,41.43.18.79
8,197.180.56.65
9,197.253.90.74
10,197.253.82.204
11,197.253.66.118
12,197.253.88.68
13,157.54.90.195
14,197.30.51.242
15,197.253.88.158
16,197.253.107.72
17,41.25.103.38
18,197.253.68.214
19,197.253.90.187
20,157.132.210.133
21,202.188.12.86
22,197.253.81.213
23,197.131.40.202
24,197.146.69.89
25,74.125.24.94
26,197.246.246.178
27,157.14.171.195
28,157.81.230.188
29,157.90.251.192
30,197.253.87.107
31,197.148.147.237
32,157.18.168.187
33,197.93.252.69
34,157.85.252.7
35,157.74.220.170
36,41.32.119.37
37,197.253.92.9
38,41.118.223.195
39,197.253.84.45
40,41.242.239.87
41,197.246.247.141
42,41.63.47.176
43,197.252.38.209
44,172.217.194.94
45,41.138.89.213
46,23.106.127.152
47,197.214.103.37
48,41.105.140.109
49,197.253.92.161
50,197.253.64.162
51,157.215.25.44
52,157.254.65.5
53,197.253.71.82
54,197.253.85.238
55,157.101.233.171
56,197.253.69.2
57,157.216.43.151
58,219.75.44.9
59,197.253.85.24
60,157.251.74.142
61,197.253.90.1
62,172.217.194.113
63,197.253.84.183
64,197.183.214.153
65,185.21.103.31
66,197.253.88.216
67,197.253.91.126
68,197.253.65.115
69,41.79.142.217
70,197.109.77.105
71,197.72.1.12
72,197.55.240.35
73,41.243.11.176
74,41.1.32.200
75,41.59.203.142
76,197.253.107.137
77,197.196.45.123
78,41.169.126.4
79,197.253.80.78
80,41.10.60.154
81,139.99.113.240
82,197.253.66.213
83,197.253.64.14
84,41.248.227.251
85,157.92.115.71
86,197.220.91.200
87,197.253.101.128
88,197.249.171.156
89,41.59.144.238
90,197.211.19.52
91,41.251.120.2
92,197.253.92.34
93,197.253.92.56
94,197.61.161.149
95,197.253.90.213
96,157.128.104.203
97,175.142.197.242
98,41.2.233.190
99,197.253.66.58
100,41.210.186.39
101,175.141.172.176
102,197.253.113.197
103,197.253.88.219
104,197.0.64.115
105,41.79.207.2
106,116.87.10.176
107,74.125.200.84
108,197.253.80.205
109,197.253.93.14
110,197.253.80.129
111,157.92.210.194
112,41.44.245.118
113,197.253.65.130
114,197.44.147.135
115,157.17.107.233
116,40.99.33.130
117,141.95.93.176
118,197.253.66.9
119,197.154.237.76
120,41.115.116.110
121,197.253.89.102
122,185.125.190.58
123,41.233.243.0
124,20.205.243.166
125,197.253.90.212
126,54.192.150.51
127,197.82.231.251
128,197.253.88.3
129,197.253.116.129
130,39.109.210.26
131,41.129.203.151
132,41.220.102.97
133,41.8.100.151
134,197.62.186.247
135,197.253.92.190
136,172.17.5.4
137,41.92.57.74
138,41.230.255.46
139,104.26.15.205
140,209.140.141.61
141,157.172.112.72
142,157.237.193.90
143,41.16.189.186
144,172.253.118.91
145,197.253.92.228
146,197.253.71.69
147,197.253.82.91
148,197.236.218.124
149,157.64.94.118
150,121.7.94.57
151,197.100.203.113
152,197.26.240.156
153,121.6.176.50
154,41.207.121.151
155,41.74.207.10
156,197.253.72.233
157,197.253.91.79
158,197.253.71.126
159,197.253.87.120
160,197.126.44.139
161,157.5.43.91
162,197.253.85.122
163,197.246.195.169
164,41.233.130.205
165,103.178.232.12
166,197.253.68.169
167,42.190.37.53
168,197.6.113.223
169,197.253.98.147
170,197.253.67.151
171,17.36.206.5
172,41.36.79.5
173,58.182.59.139
174,157.236.158.46
175,42.61.150.180
176,197.253.85.172
177,172.17.5.36
178,197.40.215.4
179,41.226.45.54
180,197.253.64.181
181,157.35.65.88
182,197.253.81.148
183,3.225.152.114
184,157.110.46.199
185,197.253.68.80
186,41.47.66.89
187,41.253.156.254
188,197.253.90.72
189,197.245.235.1
190,203.106.219.38
191,197.253.80.111
192,197.141.214.9
193,157.154.71.69
194,197.253.80.123
195,197.189.251.110
196,52.98.40.34
197,197.253.110.150
198,197.253.90.25
199,197.218.1.133
200,197.253.82.170
201,41.131.47.223
202,157.63.15.206
203,185.151.204.13
204,41.86.42.231
205,197.144.36.5
206,197.253.91.30
207,147.161.198.123
208,157.187.27.9
209,197.253.68.3
210,197.105.126.174
211,197.253.65.224
212,197.28.92.17
213,41.169.121.126
214,197.44.164.194
215,152.195.38.76
216,142.250.4.95
217,197.253.75.201
218,197.253.84.109
219,115.135.28.111
220,197.27.232.121
221,197.253.90.23
222,197.96.100.45
223,197.205.82.173
224,113.211.208.117
225,172.253.118.94
226,180.75.47.141
227,41.232.10.147
228,157.165.131.3
229,197.246.215.237
230,197.253.93.191
231,157.228.187.5
232,197.246.139.131
233,41.57.250.27
234,41.17.85.142
235,197.253.68.199
236,41.121.231.80
237,157.225.81.160
238,104.244.42.65
239,142.251.12.139
240,197.253.85.53
241,197.253.64.96
242,197.253.64.142
243,157.34.220.32
244,197.87.62.36
245,41.152.50.220
246,199.232.46.206
247,197.253.68.170
248,197.253.71.120
249,197.253.84.123
250,41.217.1.251
251,197.253.86.134
252,197.253.116.196
253,157.217.221.142
254,197.253.101.248
255,180.74.226.197
256,41.238.185.251
257,116.15.38.146
258,41.77.63.227
259,157.245.97.135
260,197.253.92.81
261,41.79.106.18
262,197.253.93.240
263,41.183.27.133
264,197.152.116.90
265,197.105.171.55
266,197.253.90.64
267,197.188.249.140
268,197.77.16.139
269,197.253.82.15
270,197.58.170.190
271,197.253.84.71
272,157.125.148.17
273,41.160.147.247
274,197.253.87.143
275,197.253.104.82
276,197.116.250.53
277,197.253.64.205
278,197.253.85.15
279,157.52.23.246
280,197.253.88.108
281,41.129.16.141
282,157.104.106.209
283,197.253.92.221
284,41.3.127.3
285,180.75.47.65
286,157.29.128.153
287,104.26.8.6
288,197.253.73.38
289,157.9.0.88
290,197.253.85.99
291,157.132.197.172
292,157.163.100.83
293,197.253.89.111
294,197.154.171.241
295,35.81.111.51
296,197.157.28.244
297,197.253.68.224
298,41.109.31.0
299,157.81.44.1
300,197.17.74.189
301,197.62.231.136
302,41.49.75.219
303,197.237.226.73
304,197.253.90.45
305,197.139.30.213
306,197.18.52.88
307,197.253.92.117
308,41.139.171.94
309,41.47.108.109
310,197.210.82.206
311,41.234.167.168
312,41.175.43.133
313,41.177.227.4
314,41.83.26.30
315,157.236.184.241
316,197.253.69.230
317,197.253.72.114
318,197.240.196.251
319,197.123.35.118
320,14.192.215.37
321,197.253.90.250
322,197.253.86.166
323,41.37.91.82
324,197.246.172.180
325,197.253.121.181
326,41.227.252.151
327,197.253.96.146
328,165.225.97.4
329,197.231.22.168
330,157.221.60.111
331,197.253.92.68
332,197.239.13.176
333,197.253.87.55
334,197.253.118.150
335,157.183.82.72
336,162.19.176.4
337,40.99.33.178
338,85.217.144.14
339,197.253.90.24
340,157.155.204.75
341,41.200.145.8
342,197.253.80.109
343,157.69.65.211
344,197.253.82.180
345,41.109.228.45
346,197.253.68.194
347,197.253.92.14
348,138.75.210.82
349,197.253.81.202
350,41.214.207.195
351,197.253.84.101
352,197.253.75.232
353,197.253.83.69
354,197.127.196.217
355,41.157.203.149
356,41.198.143.71
357,185.178.208.131
358,197.36.207.18
359,197.253.66.100
360,41.137.192.206
361,172.17.5.68
362,157.40.157.191
363,41.64.172.38
364,197.209.129.91
365,41.67.35.120
366,41.101.91.21
367,41.251.155.227
368,197.253.106.122
369,197.200.234.66
370,104.244.42.193
371,157.40.197.124
372,197.156.91.252
373,157.21.98.165
374,197.253.84.139
375,210.195.105.184
376,157.189.8.176
377,157.167.187.218
378,42.60.126.147
379,136.226.238.174
380,197.253.96.80
381,197.234.41.39
382,157.21.162.162
383,197.253.86.197
384,197.178.118.225
385,157.113.226.203
386,197.253.82.55
387,104.69.45.52
388,157.51.250.94
389,157.97.125.114
390,157.47.101.11
391,197.253.85.49
392,41.119.236.112
393,197.253.87.198
394,197.253.81.91
395,41.140.99.198
396,197.253.65.94
397,197.81.19.72
398,197.253.81.169
399,197.102.75.221
400,197.253.89.38
401,197.253.84.172
402,74.125.24.139
403,197.176.122.121
404,197.253.90.86
405,157.177.54.155
406,197.204.243.36
407,197.253.66.145
408,197.253.75.183
409,115.132.164.252
410,197.253.91.157
411,197.253.85.120
412,157.112.213.194
413,197.141.75.20
414,41.85.11.78
415,197.253.90.35
416,41.93.48.95
417,197.253.72.116
418,197.253.68.45
419,41.47.75.100
420,157.181.189.223
421,40.99.10.82
422,41.44.42.96
423,197.253.93.7
424,121.6.59.82
425,197.253.75.165
426,74.125.24.97
427,41.210.56.158
428,52.98.84.114
429,115.135.29.161
430,197.50.230.142
431,197.185.156.3
432,197.246.246.181
433,157.233.176.250
434,197.229.86.148
435,41.54.210.96
436,197.253.86.10
437,197.220.47.243
438,144.76.194.78
439,157.37.34.69
440,41.36.211.202
441,74.125.68.188
442,142.251.12.105
443,197.249.3.106
444,113.211.209.200
445,157.204.221.151
446,157.36.235.240
447,197.253.85.189
448,197.253.91.65
449,197.233.163.198
450,104.21.69.73
451,197.253.69.143
452,41.152.72.206
453,157.96.84.218
454,197.253.72.200
455,41.36.208.219
456,197.253.65.165
457,197.234.70.113
458,197.114.76.206
459,197.253.72.115
460,40.100.55.2
461,197.253.81.48
462,41.66.227.169
463,197.36.91.245
464,157.212.203.255
465,197.246.132.37
466,197.205.105.215
467,180.75.46.134
468,197.110.162.185
469,151.139.128.10
470,157.85.213.113
471,197.253.65.144
472,197.253.75.206
473,41.252.175.44
474,197.253.80.74
475,197.253.81.171
476,197.135.137.151
477,41.22.221.68
478,197.10.157.137
479,197.114.240.217
480,41.59.85.9
481,197.253.82.75
482,197.253.81.113
483,197.253.90.130
484,157.210.99.194
485,197.253.90.82
486,124.13.129.242
487,95.211.255.123
488,197.253.64.115
489,41.89.235.17
490,197.253.87.231
491,74.125.68.113
492,157.87.59.225
493,197.253.65.48
494,197.215.106.15
495,157.222.219.207
496,197.253.81.150
497,116.89.9.23
498,197.253.66.169
499,157.174.211.34
500,197.26.134.141
501,165.225.96.87
502,197.253.120.70
503,41.226.237.163
504,197.238.246.112
505,197.253.73.46
506,180.75.241.47
507,41.74.66.150
508,197.253.82.162
509,197.253.66.21
510,197.247.235.36
511,41.28.224.7
512,180.75.47.139
513,197.253.64.11
514,157.189.135.244
515,197.253.100.153
516,41.65.77.234
517,197.139.195.29
518,41.31.189.18
519,220.255.213.124
520,197.98.248.66
521,41.167.154.181
522,41.25.235.59
523,202.188.79.240
524,197.253.64.127
525,202.156.3.37
526,197.253.80.255
527,41.4.206.76
528,197.62.41.217
529,157.143.161.59
530,197.155.202.201
531,41.87.88.178
532,165.225.97.30
533,197.253.93.220
534,209.140.129.56
535,197.253.82.199
536,157.198.36.182
537,74.125.24.188
538,41.246.247.36
539,157.150.166.227
540,197.253.82.127
541,41.28.232.5
542,197.62.209.46
543,197.253.85.224
544,41.29.34.81
545,197.253.72.28
546,197.253.72.57
547,157.47.217.250
548,197.253.86.36
549,197.253.72.203
550,197.253.89.118
551,40.99.10.34
552,41.73.11.18
553,157.202.210.62
554,197.253.93.1
555,157.213.19.71
556,157.100.172.250
557,197.253.66.177
558,197.253.93.98
559,185.199.111.133
560,197.253.92.147
561,142.251.12.138
562,157.193.161.38
563,41.36.110.51
564,197.253.86.42
565,41.141.203.241
566,197.253.89.121
567,197.253.68.32
568,41.165.27.207
569,157.137.129.123
570,197.108.154.213
571,197.253.89.112
572,41.36.165.77
573,197.253.80.242
574,45.60.79.198
575,74.125.200.95
576,197.253.81.215
577,147.158.225.79
578,197.253.105.78
579,203.17.181.95
580,197.253.92.167
581,41.217.231.241
582,197.146.165.233
583,197.117.103.148
584,197.253.64.157
585,41.54.194.62
586,157.245.63.126
587,157.182.49.35
588,157.252.160.249
589,197.237.44.255
590,197.253.65.159
591,51.252.58.25
592,197.253.98.51
593,175.143.59.173
594,41.87.139.48
595,41.120.114.68
596,1.1.1.1
597,197.253.85.93
598,41.247.89.220
599,197.253.99.66
600,157.13.188.165
601,41.106.160.26
602,197.253.88.98
603,54.236.79.157
604,41.207.121.157
605,197.197.94.203
606,41.87.88.228
607,197.253.81.30
608,197.201.148.142
609,157.140.97.54
610,197.253.90.48
611,197.253.84.41
612,157.186.108.125
613,197.253.65.171
614,41.139.17.227
615,41.137.208.136
616,197.50.51.215
617,41.229.181.91
618,157.231.227.237
619,157.157.51.158
620,197.253.75.252
621,157.226.160.197
622,197.234.170.133
623,197.253.91.161
624,157.148.191.61
625,157.48.16.107
626,197.253.76.39
627,197.253.92.185
628,172.217.194.188
629,197.253.85.248
630,157.2.87.141
631,197.253.66.76
632,41.51.154.240
633,41.127.84.251
634,157.17.9.167
635,197.253.85.158
636,41.161.21.11
637,121.6.17.201
638,197.253.65.25
639,41.249.25.171
640,41.174.33.190
641,197.253.65.174
642,54.192.150.89
643,60.48.168.213
644,41.53.31.19
645,197.253.116.210
646,197.253.86.55
647,41.238.141.243
648,41.42.128.9
649,197.253.65.27
650,180.74.67.88
651,41.220.49.43
652,180.75.45.52
653,157.9.216.179
654,41.232.120.235
655,104.20.97.64
656,197.10.69.84
657,41.63.85.165
658,197.37.203.46
659,197.118.130.218
660,197.96.154.102
661,197.253.87.230
662,41.167.178.7
663,197.253.87.95
664,157.35.155.184
665,199.232.46.248
666,41.200.165.231
667,157.196.25.207
668,197.253.75.200
669,197.253.81.178
670,197.253.71.68
671,41.37.81.196
672,157.241.20.205
673,157.65.241.51
674,157.80.111.136
675,197.66.32.40
676,42.189.242.70
677,197.253.88.240
678,41.253.226.223
679,197.253.68.234
680,41.238.183.223
681,157.163.33.169
682,41.195.9.172
683,197.253.89.113
684,197.253.82.179
685,41.81.91.219
686,157.121.250.113
687,157.238.220.52
688,197.253.67.153
689,157.127.179.197
690,197.253.96.85
691,44.215.241.227
692,157.230.227.252
693,197.253.106.204
694,197.253.66.16
695,197.253.87.51
696,41.149.11.3
697,197.216.130.179
698,41.182.189.109
699,41.10.12.230
700,41.21.234.99
701,197.253.92.37
702,197.253.121.191
703,197.253.93.65
704,197.156.25.132
705,197.253.67.252
706,197.253.64.234
707,17.36.206.4
708,157.218.98.10
709,41.232.95.133
710,110.159.57.2
711,41.184.163.52
712,41.39.133.119
713,197.253.70.141
714,197.253.122.133
715,197.253.84.68
716,157.158.178.30
717,197.253.81.31
718,197.253.93.201
719,197.253.85.164
720,157.201.215.209
721,41.90.249.206
722,197.253.91.124
723,197.81.5.49
724,197.79.224.0
725,103.252.200.78
726,197.253.84.128
727,41.230.122.226
728,157.156.183.73
729,157.182.53.83
730,197.253.117.122
731,197.253.72.164
732,41.144.59.63
733,175.140.92.34
734,41.8.19.170
735,218.212.111.205
736,41.207.127.60
737,197.253.65.90
738,52.98.90.2
739,104.26.6.183
740,142.251.12.93
741,157.135.140.25
742,197.254.20.140
743,157.208.144.133
744,60.50.145.148
745,52.98.66.98
746,157.11.183.86
747,41.184.43.65
748,41.214.29.206
749,197.253.112.192
750,41.184.185.34
751,222.164.159.37
752,197.253.73.68
753,41.238.188.19
754,197.131.125.120
755,197.87.196.83
756,197.89.172.181
757,157.232.143.239
758,157.58.27.182
759,197.253.102.234
760,197.253.68.185
761,101.78.78.190
762,157.13.174.7
763,41.193.240.106
764,197.253.93.0
765,41.130.140.193
766,157.147.97.38
767,197.253.67.255
768,197.253.105.250
769,197.238.88.198
770,157.219.245.79
771,202.168.64.152
772,41.232.9.212
773,74.125.130.147
774,142.251.12.95
775,197.253.86.119
776,41.8.171.204
777,197.56.162.4
778,41.53.206.147
779,197.253.81.131
780,41.128.242.125
781,197.253.64.113
782,197.24.211.89
783,41.23.200.68
784,197.253.93.126
785,157.191.3.11
786,41.164.157.130
787,41.233.8.83
788,197.159.59.111
789,116.15.4.67
790,197.253.93.156
791,197.22.150.221
792,142.251.12.106
793,157.54.177.68
794,41.185.59.112
795,197.167.120.153
796,197.104.213.65
797,197.253.96.41
798,202.188.244.223
799,197.253.85.145
800,197.127.181.5
801,41.23.190.14
802,197.242.22.101
803,41.78.102.79
804,197.68.40.56
805,157.210.106.54
806,197.37.190.20
807,197.253.68.192
808,197.32.57.59
809,192.228.190.100
810,157.50.251.44
811,41.9.247.29
812,41.47.110.233
813,41.239.58.224
814,157.98.87.98
815,34.107.221.82
816,41.174.141.112
817,197.246.131.218
818,157.230.201.44
819,197.253.86.97
820,41.238.85.72
821,197.253.111.194
822,118.101.171.206
823,157.110.154.169
824,104.244.42.2
825,183.171.191.218
826,197.242.230.123
827,197.62.121.135
828,157.121.141.73
829,41.79.90.201
830,197.99.180.63
831,197.253.92.213
832,197.104.79.71
833,197.253.84.237
834,157.163.47.242
835,41.40.181.64
836,40.99.33.146
837,197.253.81.7
838,41.58.42.191
839,41.215.231.178
840,45.57.90.1
841,197.156.92.11
842,157.29.47.13
843,197.253.83.205
844,197.113.1.151
845,157.248.91.208
846,52.98.33.130
847,197.253.69.171
848,197.253.81.63
849,197.253.84.147
850,23.237.64.114
851,197.253.86.34
852,41.47.73.186
853,157.61.148.79
854,197.253.82.119
855,41.189.31.95
856,41.45.23.109
857,52.98.37.2
858,197.253.86.98
859,197.253.68.73
860,41.166.145.13
861,157.204.185.94
862,197.171.120.101
863,197.179.158.230
864,42.153.150.23
865,197.253.93.34
866,197.253.65.189
867,202.182.120.110
868,197.253.85.111
869,41.0.88.148
870,52.98.71.50
871,197.253.93.192
872,197.195.87.88
873,121.7.8.96
874,157.201.231.135
875,197.253.85.20
876,197.202.165.79
877,197.166.116.86
878,151.101.194.167
879,197.253.88.36
880,197.132.132.220
881,197.253.90.182
882,41.51.163.142
883,197.253.86.19
884,197.253.84.209
885,197.253.89.79
886,74.125.68.95
887,41.220.98.151
888,197.205.137.8
889,115.133.77.154
890,197.190.16.104
891,103.161.176.37
892,197.70.215.115
893,119.74.188.231
894,197.253.86.178
895,151.192.178.72
896,197.253.75.225
897,197.253.86.12
898,60.54.19.166
899,157.179.49.49
900,197.253.68.221
901,197.253.95.141
902,157.217.80.30
903,74.125.68.139
904,157.235.187.35
905,197.160.182.172
906,34.117.65.55
907,197.131.74.125
908,175.136.143.107
909,197.253.73.233
910,197.253.81.14
911,157.72.112.112
912,197.62.37.133
913,197.253.85.205
914,197.253.87.130
915,197.120.30.143
916,197.253.91.123
917,197.82.149.75
918,74.125.130.155
919,197.195.152.98
920,197.253.64.92
921,197.253.82.86
922,41.35.93.228
923,197.153.39.194
924,157.77.197.36
925,197.91.68.246
926,41.252.137.204
927,172.67.69.54
928,74.125.24.138
929,197.253.82.139
930,197.236.169.14
931,197.253.93.21
932,41.38.231.133
933,157.24.73.105
934,157.67.250.16
935,74.125.200.119
936,197.60.168.139
937,197.246.213.55
938,197.253.89.132
939,157.78.93.202
940,157.127.132.245
941,41.205.130.83
942,157.50.32.121
943,219.92.117.60
944,197.253.92.70
945,197.253.66.242
946,74.125.24.113
947,197.253.81.242
948,197.57.148.112
949,197.159.8.166
950,41.2.184.199
951,197.253.80.195
952,197.84.243.98
953,197.253.100.246
954,180.75.237.75
955,146.88.240.4
956,41.138.91.171
957,41.135.157.178
958,197.199.139.195
959,197.253.106.186
960,197.227.114.98
961,197.234.59.158
962,197.156.91.250
963,197.253.87.96
964,197.253.84.111
965,157.52.193.81
966,40.99.9.82
967,197.86.130.209
968,197.253.80.70
969,197.253.81.20
970,197.253.82.118
971,202.133.196.216
972,197.253.64.122
973,41.11.63.68
974,157.233.115.66
975,180.72.191.143
976,41.136.147.62
977,41.45.31.23
978,197.253.81.60
979,157.1.221.83
980,197.253.88.179
981,197.75.209.33
982,197.215.127.147
983,197.253.80.198
984,197.16.112.3
985,115.134.103.27
986,197.137.177.153
987,157.157.124.198
988,41.230.168.182
989,157.62.149.179
990,209.140.136.209
991,197.253.91.147
992,35.244.181.201
993,197.253.72.227
994,41.206.29.173
995,197.253.89.76
996,52.98.65.2
997,197.253.67.121
998,157.173.148.229
999,197.253.66.23
1000,157.248.231.200
1001,197.167.50.182
1002,197.253.64.50
1003,157.205.191.49
1004,52.98.71.210
1005,41.226.57.250
1006,197.253.75.241
1007,157.244.139.159
1008,157.35.98.144
1009,197.246.195.70
1010,124.156.123.13
1011,40.99.10.66
1012,41.42.255.19
1013,197.253.85.63
1014,197.253.68.37
1015,197.253.68.210
1016,60.53.34.64
1017,41.227.96.26
1018,197.234.59.156
1019,41.192.29.162
1020,197.50.164.224
1021,41.219.15.23
1022,197.253.68.216
1023,192.225.158.2
1024,197.253.121.160
1025,152.195.38.234
1026,74.125.130.102
1027,41.232.14.243
1028,41.41.144.93
1029,197.253.72.126
1030,197.253.88.93
1031,17.57.12.113
1032,197.4.151.38
1033,197.253.85.135
1034,157.242.229.183
1035,18.136.247.139
1036,183.171.191.206
1037,60.48.168.7
1038,197.85.202.31
1039,197.128.47.106
1040,197.253.90.236
1041,116.89.1.221
1042,157.214.215.57
1043,157.143.83.34
1044,157.226.156.203
1045,52.98.65.178
1046,157.52.200.186
1047,15.204.151.115
1048,157.180.70.27
1049,41.141.251.44
1050,197.253.85.133
1051,41.10.248.88
1052,157.192.31.32
1053,41.43.74.217
1054,157.162.170.191
1055,197.253.96.54
1056,197.253.65.205
1057,197.253.64.71
1058,142.251.12.157
1059,178.249.208.141
1060,157.146.60.137
1061,197.9.241.71
1062,41.232.9.202
1063,41.2.197.56
1064,157.36.213.225
1065,168.119.91.41
1066,197.253.69.232
1067,41.172.189.229
1068,157.55.144.36
1069,197.253.89.151
1070,197.9.86.123
1071,202.186.41.97
1072,197.253.91.41
1073,41.32.206.55
1074,142.250.115.188
1075,197.45.172.154
1076,161.142.106.6
1077,197.253.90.204
1078,197.253.85.42
1079,197.253.66.48
1080,157.70.164.165
1081,197.253.82.29
1082,197.253.82.53
1083,104.69.40.136
1084,157.227.159.11
1085,41.36.126.163
1086,197.253.93.42
1087,42.188.123.134
1088,41.109.15.134
1089,197.237.9.176
1090,197.253.81.181
1091,197.85.28.217
1092,197.228.234.33
1093,157.11.7.160
1094,197.253.90.223
1095,54.230.112.30
1096,161.151.112.11
1097,197.5.56.25
1098,197.224.239.0
1099,197.197.131.9
1100,197.253.101.87
1101,197.253.72.105
1102,197.253.87.66
1103,197.220.7.202
1104,197.253.89.29
1105,197.253.120.53
1106,197.255.254.122
1107,131.225.0.225
1108,41.155.157.155
1109,157.90.16.232
1110,197.114.46.246
1111,197.246.249.49
1112,197.246.170.194
1113,197.170.157.234
1114,197.253.72.2
1115,197.217.189.68
1116,210.186.107.183
1117,142.250.4.102
1118,41.36.211.176
1119,197.253.91.186
1120,157.41.165.255
1121,41.142.92.51
1122,41.47.99.135
1123,74.125.130.94
1124,197.253.93.133
1125,157.51.7.86
1126,197.253.91.60
1127,197.156.91.248
1128,157.111.203.189
1129,197.253.90.115
1130,197.253.87.218
1131,161.142.152.151
1132,197.205.241.254
1133,197.39.76.133
1134,197.253.89.146
1135,157.71.60.243
1136,197.240.117.40
1137,197.253.72.142
1138,197.253.72.149
1139,197.230.99.154
1140,197.181.64.9
1141,41.218.71.195
1142,41.105.76.103
1143,41.236.10.17
1144,41.86.54.188
1145,197.253.86.26
1146,197.253.75.135
1147,197.78.32.103
1148,103.67.171.9
1149,157.130.129.82
1150,180.75.243.193
1151,197.142.218.158
1152,41.24.64.52
1153,157.201.17.30
1154,197.59.81.247
1155,197.253.82.248
1156,54.230.112.128
1157,197.20.10.166
1158,216.239.38.135
1159,142.251.10.95
1160,197.253.86.227
1161,197.253.89.58
1162,41.49.210.150
1163,142.250.192.163
1164,197.253.89.54
1165,18.139.22.83
1166,197.253.65.164
1167,157.222.173.195
1168,40.99.10.18
1169,197.253.66.214
1170,157.216.80.139
1171,197.253.85.165
1172,197.253.84.151
1173,157.244.145.119
1174,197.253.87.186
1175,41.156.222.1
1176,41.166.216.231
1177,41.213.113.64
1178,197.71.161.34
1179,197.253.86.48
1180,41.10.219.152
1181,197.253.96.253
1182,197.253.86.75
1183,197.253.80.224
1184,175.138.82.41
1185,197.181.69.102
1186,197.253.90.108
1187,41.97.230.212
1188,157.66.215.101
1189,197.253.86.110
1190,8.8.8.8
1191,197.253.88.106
1192,197.253.102.17
1193,34.117.237.239
1194,197.76.56.73
1195,197.145.210.85
1196,197.253.66.12
1197,197.151.211.156
1198,197.253.90.112
1199,41.238.107.4
1200,197.253.67.21
1201,157.42.118.3
1202,40.99.9.114
1203,197.73.63.141
1204,41.161.31.252
1205,197.228.68.226
1206,197.253.88.212
1207,197.253.122.184
1208,197.139.190.72
1209,197.90.138.189
1210,197.219.231.136
1211,41.30.172.156
1212,197.253.117.0
1213,197.253.71.71
1214,197.253.85.230
1215,35.186.224.25
1216,41.239.140.44
1217,219.74.41.141
1218,197.167.135.152
1219,157.110.193.214
1220,197.253.126.133
1221,197.253.66.135
1222,178.249.208.140
1223,197.201.109.144
1224,197.253.85.247
1225,197.253.84.144
1226,197.196.158.134
1227,41.75.162.186
1228,197.253.101.133
1229,41.3.199.63
1230,41.76.140.50
1231,197.253.64.169
1232,197.253.82.167
1233,197.253.90.30
1234,202.184.98.230
1235,197.253.67.237
1236,197.220.235.95
1237,197.253.82.156
1238,197.253.87.75
1239,197.84.255.21
1240,197.253.90.226
1241,197.253.89.180
1242,197.253.75.217
1243,197.253.82.11
1244,197.166.34.26
1245,197.253.69.98
1246,197.253.75.191
1247,157.128.83.141
1248,197.253.106.145
1249,197.253.90.126
1250,157.211.111.40
1251,197.235.0.96
1252,197.253.64.248
1253,197.253.116.230
1254,197.92.40.41
1255,197.245.32.189
1256,41.29.32.96
1257,175.140.35.138
1258,41.45.225.245
1259,197.253.87.215
1260,197.171.14.188
1261,209.140.135.178
1262,157.100.90.166
1263,197.253.66.206
1264,197.253.81.164
1265,41.173.161.22
1266,197.253.84.19
1267,197.179.25.138
1268,41.74.35.30
1269,41.73.216.222
1270,175.143.56.191
1271,197.253.65.149
1272,197.128.50.228
1273,41.202.248.26
1274,104.26.9.6
1275,41.203.82.57
1276,197.149.82.108
1277,41.224.223.214
1278,41.36.200.95
1279,41.233.128.46
1280,104.22.4.96
1281,197.253.84.202
1282,197.153.165.203
1283,210.195.60.0
1284,41.209.137.18
1285,197.253.81.52
1286,197.253.73.59
1287,41.177.112.40
1288,41.34.165.45
1289,41.252.235.197
1290,197.41.117.198
1291,197.253.66.13
1292,197.16.48.47
1293,197.243.118.5
1294,180.75.235.116
1295,197.253.71.121
1296,34.107.157.36
1297,197.69.18.199
1298,151.101.40.193
1299,41.88.167.174
1300,157.187.247.119
1301,197.182.188.59
1302,197.253.102.12
1303,157.105.69.147
1304,157.12.122.203
1305,157.197.23.117
1306,175.144.138.80
1307,197.137.147.172
1308,157.118.21.187
1309,157.7.212.103
1310,197.254.58.171
1311,175.144.252.191
1312,180.74.224.172
1313,184.29.6.209
1314,197.50.93.33
1315,197.253.87.183
1316,197.253.86.218
1317,157.45.142.36
1318,41.43.17.244
1319,41.103.71.20
1320,197.253.101.2
1321,197.253.83.112
1322,157.110.239.15
1323,172.217.194.95
1324,197.253.81.87
1325,202.166.38.72
1326,197.102.44.171
1327,197.253.82.17
1328,197.253.91.78
1329,41.77.230.201
1330,197.253.66.182
1331,157.157.50.225
1332,197.39.29.90
1333,178.249.208.142
1334,197.195.140.248
1335,41.114.57.63
1336,74.125.130.113
1337,197.59.85.131
1338,197.253.115.244
1339,197.253.73.201
1340,197.253.84.115
1341,197.101.38.190
1342,41.165.253.100
1343,41.230.1.95
1344,51.79.206.80
1345,197.46.203.93
1346,197.120.72.116
1347,157.136.193.110
1348,197.253.90.78
1349,157.193.74.75
1350,197.99.207.184
1351,157.243.165.81
1352,157.177.120.118
1353,197.147.165.208
1354,197.135.93.187
1355,197.234.41.181
1356,157.122.72.43
1357,197.193.125.9
1358,197.253.93.233
1359,197.253.71.124
1360,41.51.200.226
1361,197.246.226.179
1362,175.136.142.137
1363,197.52.196.206
1364,142.251.10.100
1365,74.125.68.119
1366,197.253.91.160
1367,197.32.254.40
1368,52.98.50.18
1369,197.79.164.49
1370,197.253.81.32
1371,197.253.65.207
1372,197.164.221.200
1373,41.229.38.236
1374,165.225.111.20
1375,197.174.216.106
1376,157.48.24.28
1377,197.253.65.38
1378,197.253.71.44
1379,197.140.86.248
1380,197.253.64.42
1381,157.118.110.66
1382,197.74.58.148
1383,41.19.14.207
1384,157.235.149.41
1385,41.166.190.226
1386,41.56.1.148
1387,157.213.125.127
1388,41.153.197.182
1389,197.253.81.143
1390,175.143.56.133
1391,157.136.190.132
1392,157.182.31.39
1393,197.253.82.247
1394,180.74.227.132
1395,197.236.161.238
1396,41.27.9.175
1397,180.75.254.11
1398,197.253.72.4
1399,37.251.140.191
1400,157.127.249.29
1401,157.141.109.192
1402,197.66.105.203
1403,197.253.84.59
1404,41.167.26.54
1405,41.224.121.189
1406,157.38.201.163
1407,74.125.130.91
1408,157.21.149.118
1409,197.64.124.202
1410,157.38.63.117
1411,115.135.198.107
1412,83.149.124.200
1413,157.144.208.167
1414,197.253.82.7
1415,151.192.131.103
1416,41.43.230.49
1417,157.163.210.25
1418,197.253.84.234
1419,197.253.64.34
1420,197.253.91.177
1421,41.11.46.54
1422,41.164.86.65
1423,197.167.150.173
1424,197.253.69.128
1425,197.14.44.205
1426,41.189.72.130
1427,197.74.218.152
1428,41.211.227.113
1429,49.245.108.1
1430,197.253.82.47
1431,41.45.28.145
1432,142.250.4.94
1433,197.253.68.163
1434,197.253.80.162
1435,197.69.25.0
1436,42.190.37.198
1437,197.214.96.58
1438,41.134.130.233
1439,175.136.143.23
1440,41.128.243.18
1441,192.240.110.34
1442,80.50.63.114
1443,197.253.66.170
1444,185.199.109.133
1445,175.136.142.1
1446,157.121.237.172
1447,157.161.167.148
1448,42.153.159.17
1449,197.253.82.160
1450,35.169.211.74
1451,197.253.93.74
1452,197.80.255.73
1453,197.253.88.184
1454,197.253.84.58
1455,157.230.237.117
1456,197.23.78.70
1457,41.176.76.239
1458,157.27.242.91
1459,41.78.59.185
1460,197.222.163.98
1461,197.253.87.45
1462,197.253.86.180
1463,41.236.245.249
1464,197.35.217.130
1465,197.56.194.109
1466,197.85.116.78
1467,197.214.98.15
1468,197.253.66.10
1469,197.253.80.59
1470,197.183.255.157
1471,41.16.222.245
1472,157.49.111.115
1473,197.253.122.64
1474,41.229.10.100
1475,172.67.75.241
1476,197.49.57.93
1477,197.171.213.41
1478,157.133.42.46
1479,157.182.135.180
1480,60.53.35.169
1481,41.225.110.79
1482,41.14.141.67
1483,197.142.174.186
1484,197.253.87.193
1485,197.253.86.250
1486,41.32.175.43
1487,197.97.215.142
1488,41.234.226.87
1489,60.53.32.230
1490,41.1.255.244
1491,180.75.255.76
1492,139.5.84.243
1493,197.253.88.97
1494,157.226.172.54
1495,157.102.89.219
1496,41.249.79.73
1497,34.194.88.57
1498,197.253.72.8
1499,197.253.93.100
1500,74.125.200.100
1501,202.83.109.149
1502,157.208.50.235
1503,197.253.85.217
1504,41.209.229.161
1505,41.96.40.65
1506,197.167.242.61
1507,197.253.80.66
1508,41.124.211.51
1509,157.88.150.213
1510,197.253.88.168
1511,197.253.82.66
1512,197.253.65.96
1513,197.253.80.166
1514,157.49.11.99
1515,52.83.137.158
1516,197.194.229.40
1517,157.88.11.54
1518,41.232.168.135
1519,41.232.210.63
1520,41.78.156.92
1521,197.253.125.79
1522,197.253.86.252
1523,64.233.170.84
1524,197.253.64.29
1525,118.200.114.22
1526,197.253.125.166
1527,197.184.180.188
1528,41.47.132.208
1529,197.253.81.117
1530,180.75.252.110
1531,197.253.68.51
1532,157.219.201.147
1533,197.253.68.54
1534,197.253.104.50
1535,197.253.91.245
1536,197.207.46.102
1537,197.253.73.176
1538,91.121.63.37
1539,197.253.67.172
1540,197.253.73.8
1541,157.47.89.159
1542,157.137.158.142
1543,41.207.107.21
1544,157.212.90.158
1545,197.97.136.35
1546,157.58.97.144
1547,74.125.200.101
1548,197.253.80.149
1549,197.248.160.9
1550,197.88.56.231
1551,41.253.20.5
1552,197.253.81.159
1553,41.24.113.105
1554,157.61.53.182
1555,197.253.73.1
1556,157.249.19.143
1557,41.10.32.244
1558,157.45.177.127
1559,180.74.69.118
1560,197.173.120.87
1561,197.253.93.196
1562,74.125.24.155
1563,41.24.7.241
1564,197.123.193.173
1565,197.253.93.219
1566,197.2.94.1
1567,41.228.151.172
1568,197.253.88.66
1569,197.253.64.156
1570,157.96.84.5
1571,41.28.80.143
1572,197.253.81.126
1573,197.253.93.19
1574,142.251.12.99
1575,197.253.84.228
1576,157.23.72.16
1577,224.0.0.251
1578,197.253.73.153
1579,197.253.86.219
1580,136.226.238.164
1581,41.221.216.5
1582,197.253.84.196
1583,197.253.64.153
1584,157.234.245.118
1585,197.105.72.11
1586,197.253.125.149
1587,175.139.164.196
1588,157.189.251.27
1589,197.166.220.179
1590,40.99.10.50
1591,41.122.104.169
1592,197.253.91.3
1593,197.253.68.143
1594,41.221.51.204
1595,197.253.66.49
1596,157.181.117.112
1597,162.252.214.5
1598,197.0.71.186
1599,157.239.238.241
1600,157.247.170.241
1601,157.242.93.145
1602,203.106.69.206
1603,197.234.105.22
1604,34.107.172.168
1605,40.99.10.2
1606,197.253.82.37
1607,146.75.92.193
1608,142.251.10.101
1609,52.98.33.226
1610,197.243.200.117
1611,197.253.88.116
1612,197.246.129.123
1613,157.181.9.207
1614,197.253.84.118
1615,197.253.80.200
1616,41.94.250.234
1617,157.126.112.189
1618,197.253.67.234
1619,202.65.240.210
1620,197.253.64.104
1621,197.253.72.18
1622,197.122.161.88
1623,104.26.12.171
1624,197.253.89.239
1625,197.253.109.244
1626,142.251.10.132
1627,197.253.92.85
1628,197.222.142.62
1629,197.253.88.79
1630,41.252.42.111
1631,197.253.68.138
1632,197.253.82.19
1633,197.117.52.197
1634,54.230.151.176
1635,197.253.93.169
1636,41.137.88.22
1637,151.101.130.167
1638,197.253.66.7
1639,157.201.223.105
1640,197.253.66.159
1641,41.93.148.69
1642,142.251.12.103
1643,197.253.82.80
1644,175.156.156.255
1645,197.41.183.226
1646,197.253.85.229
1647,41.81.62.14
1648,51.79.249.120
1649,197.253.86.22
1650,197.253.67.192
1651,27.125.240.34
1652,197.184.114.68
1653,41.207.127.209
1654,157.184.65.116
1655,197.253.65.121
1656,197.253.93.175
1657,165.173.15.214
1658,157.189.143.66
1659,197.214.98.221
1660,197.253.81.70
1661,197.253.73.39
1662,157.77.108.79
1663,197.106.91.243
1664,203.106.137.155
1665,157.209.1.79
1666,197.253.73.65
1667,41.42.88.161
1668,41.58.3.224
1669,23.237.112.162
1670,41.92.95.77
1671,41.227.212.96
1672,41.219.228.136
1673,197.253.93.105
1674,54.230.112.31
1675,197.144.108.21
1676,197.31.249.48
1677,121.121.194.98
1678,197.252.125.240
1679,197.80.175.127
1680,40.99.33.162
1681,197.253.68.174
1682,41.255.206.187
1683,157.225.74.63
1684,157.153.150.160
1685,197.39.166.221
1686,197.253.92.71
1687,157.203.87.164
1688,60.52.41.124
1689,41.0.91.42
1690,41.91.155.152
1691,41.159.151.210
1692,41.78.245.113
1693,197.253.65.123
1694,41.157.75.28
1695,197.152.225.127
1696,74.125.200.94
1697,42.191.67.219
1698,197.253.85.204
1699,41.81.196.249
1700,197.253.66.211
1701,197.64.253.111
1702,219.92.147.156
1703,197.253.64.246
1704,197.81.13.44
1705,202.186.71.132
1706,157.4.229.204
1707,197.253.88.48
1708,197.253.85.209
1709,197.245.207.92
1710,197.253.126.120
1711,157.96.85.113
1712,104.26.14.205
1713,197.253.68.147
1714,197.177.51.48
1715,197.253.85.35
1716,157.49.152.171
1717,41.131.229.35
1718,157.39.175.99
1719,157.189.75.243
1720,41.13.230.131
1721,197.253.91.26
1722,197.253.87.110
1723,180.74.226.124
1724,197.253.66.212
1725,39.109.133.230
1726,41.65.91.31
1727,197.253.86.243
1728,197.253.81.59
1729,197.253.124.9
1730,74.125.130.101
1731,157.71.14.113
1732,197.253.114.25
1733,197.253.80.81
1734,197.253.87.156
1735,197.253.88.16
1736,74.125.130.95
1737,41.175.234.113
1738,157.122.216.210
1739,197.118.164.139
1740,41.30.69.139
1741,197.253.88.51
1742,197.253.100.91
1743,41.65.253.17
1744,197.79.58.165
1745,197.253.82.189
1746,142.251.12.97
1747,40.99.9.98
1748,74.125.68.93
1749,157.201.181.6
1750,142.251.12.155
1751,66.228.1.222
1752,197.253.85.94
1753,197.253.89.213
1754,197.253.80.153
1755,197.234.54.136
1756,197.253.80.49
1757,157.28.220.200
1758,197.255.220.215
1759,41.72.44.252
1760,197.253.92.142
1761,157.201.96.178
1762,41.169.52.221
1763,41.233.136.201
1764,197.221.232.144
1765,157.235.157.250
1766,41.123.216.198
1767,41.148.195.255
1768,95.211.229.248
1769,175.143.56.86
1770,37.251.140.184
1771,197.137.222.116
1772,41.180.200.95
1773,197.116.96.82
1774,157.228.154.76
1775,197.118.104.59
1776,219.74.0.163
1777,197.253.91.71
1778,157.233.55.73
1779,197.55.43.162
1780,197.253.101.206
1781,197.50.111.16
1782,197.20.70.54
1783,197.253.72.21
1784,197.248.90.224
1785,197.253.80.218
1786,41.237.119.4
1787,197.253.90.183
1788,157.218.140.211
1789,172.67.70.138
1790,197.253.91.168
1791,197.147.31.104
1792,157.235.7.173
1793,197.2.210.43
1794,197.253.81.160
1795,197.253.87.169
1796,41.208.66.25
1797,74.125.130.105
1798,157.38.122.206
1799,41.239.17.182
1800,52.98.77.114
1801,197.49.211.82
1802,157.99.9.2
1803,41.205.179.53
1804,113.211.211.16
1805,197.246.249.193
1806,41.69.29.43
1807,197.253.120.193
1808,197.87.184.225
1809,197.253.89.110
1810,197.54.208.248
1811,197.253.92.241
1812,142.251.10.94
1813,197.253.81.108
1814,197.122.209.41
1815,41.40.195.46
1816,157.130.184.30
1817,197.174.167.86
1818,197.253.82.169
1819,41.46.68.44
1820,197.253.66.207
1821,41.211.106.30
1822,197.209.247.191
1823,157.195.29.103
1824,41.234.238.238
1825,197.253.75.151
1826,197.253.85.156
1827,197.253.87.248
1828,103.102.166.224
1829,197.253.92.28
1830,197.253.68.119
1831,199.232.45.229
1832,197.214.96.103
1833,197.175.160.209
1834,157.34.17.198
1835,197.253.91.7
1836,197.136.74.221
1837,197.253.64.93
1838,197.253.87.109
1839,172.67.151.171
1840,41.233.134.205
1841,41.63.67.50
1842,41.63.127.171
1843,197.253.72.215
1844,197.253.87.207
1845,197.246.173.74
1846,157.83.249.52
1847,197.253.96.159
1848,197.131.44.99
1849,51.79.184.101
1850,197.32.145.183
1851,197.253.90.209
1852,197.174.80.149
1853,197.253.64.18
1854,41.70.2.64
1855,197.253.87.94
1856,157.12.35.26
1857,197.43.80.73
1858,41.142.100.245
1859,197.54.130.198
1860,41.175.251.183
1861,197.253.72.23
1862,157.91.187.90
1863,197.188.194.43
1864,197.135.255.112
1865,197.253.84.152
1866,157.113.17.94
1867,197.98.64.217
1868,41.241.213.59
1869,41.154.26.224
1870,41.73.243.113
1871,197.253.88.235
1872,197.253.90.225
1873,157.248.44.42
1874,172.253.118.104
1875,157.96.85.194
1876,69.173.158.64
1877,197.107.231.228
1878,197.253.93.129
1879,157.242.40.68
1880,41.199.223.39
1881,41.200.249.13
1882,157.175.109.83
1883,197.253.116.168
1884,197.253.91.229
1885,197.253.115.200
1886,157.220.90.148
1887,197.146.172.125
1888,217.69.1.55
1889,197.177.253.116
1890,41.125.34.114
1891,41.58.173.238
1892,197.234.3.38
1893,197.253.64.30
1894,131.225.247.32
1895,197.253.93.111
1896,197.125.107.166
1897,197.253.72.36
1898,197.253.81.158
1899,157.98.8.162
1900,197.6.150.210
1901,157.160.236.157
1902,197.253.85.39
1903,197.253.93.55
1904,41.42.52.201
1905,41.164.251.9
1906,197.253.87.168
1907,197.253.80.80
1908,60.48.168.81
1909,41.208.73.240
1910,197.253.89.141
1911,197.253.86.78
1912,197.253.81.208
1913,197.253.68.2
1914,157.224.88.32
1915,197.253.68.190
1916,157.175.14.86
1917,41.158.184.226
1918,157.152.133.84
1919,197.203.98.85
1920,41.35.80.136
1921,197.253.85.121
1922,41.148.253.52
1923,197.33.238.112
1924,197.172.113.146
1925,111.223.64.35
1926,41.5.50.168
1927,197.253.93.172
1928,41.90.230.141
1929,157.119.174.53
1930,175.141.173.61
1931,157.42.150.74
1932,197.253.91.250
1933,41.44.40.175
1934,197.246.253.208
1935,197.253.73.144
1936,197.253.65.251
1937,61.6.232.126
1938,197.25.80.215
1939,41.107.110.17
1940,202.133.207.204
1941,197.253.65.161
1942,197.253.68.1
1943,197.253.82.34
1944,197.109.241.81
1945,197.253.84.105
1946,118.101.234.105
1947,197.253.89.109
1948,197.74.143.141
1949,219.74.32.246
1950,197.110.179.176
1951,41.87.88.217
1952,41.168.8.36
1953,197.202.52.233
1954,197.37.35.234
1955,41.239.189.49
1956,197.8.223.232
1957,157.145.118.150
1958,197.253.95.9
1959,41.51.145.89
1960,52.98.70.130
1961,197.253.64.109
1962,157.17.74.51
1963,157.243.183.84
1964,157.40.54.187
1965,197.159.116.113
1966,197.15.173.80
1967,197.219.63.171
1968,41.230.250.204
1969,197.185.159.217
1970,197.253.64.38
1971,197.143.133.209
1972,61.6.235.26
1973,41.165.21.111
1974,157.217.93.9
1975,197.253.69.155
1976,121.6.202.100
1977,197.253.82.211
1978,157.33.2.54
1979,157.46.45.18
1980,45.60.36.205
1981,41.0.130.52
1982,197.76.112.57
1983,197.253.88.186
1984,41.232.2.225
1985,197.253.95.154
1986,197.253.90.102
1987,115.66.50.167
1988,157.126.172.247
1989,197.104.118.198
1990,197.253.91.248
1991,34.160.144.191
1992,157.26.2.81
1993,41.201.121.112
1994,51.79.243.140
1995,197.212.144.246
1996,157.159.216.131
1997,183.171.158.230
1998,197.16.238.50
1999,197.253.66.17
2000,197.253.87.112
2001,157.199.37.161
2002,197.77.116.3
2003,142.250.4.113
2004,41.40.208.214
2005,23.227.146.106
2006,197.253.93.130
2007,197.253.102.15
2008,41.63.143.58
2009,197.139.210.22
2010,41.211.82.197
2011,157.227.111.39
2012,197.117.151.158
2013,197.40.255.122
2014,41.188.195.116
2015,197.253.84.156
2016,41.106.216.31
2017,197.253.85.192
2018,157.138.39.136
2019,18.142.79.47
2020,157.183.251.123
2021,157.119.228.159
2022,197.253.89.179
2023,197.253.82.35
2024,197.54.73.182
2025,197.173.79.55
2026,197.253.84.166
2027,197.246.249.150
2028,197.253.92.233
2029,40.99.10.114
2030,157.243.119.26
2031,197.253.91.101
2032,175.136.141.176
2033,197.253.72.42
2034,157.101.88.191
2035,157.0.117.104
2036,157.172.251.68
2037,41.254.174.132
2038,157.139.51.137
2039,157.239.98.248
2040,157.177.179.4
2041,170.106.144.95
2042,157.200.129.224
2043,157.240.7.16
2044,41.86.40.237
2045,41.30.137.61
2046,41.138.90.65
2047,157.218.170.227
2048,157.155.162.207
2049,41.103.232.181
2050,157.185.237.181
2051,40.79.197.66
2052,41.153.90.55
2053,197.136.134.73
2054,197.121.34.62
2055,157.228.111.183
2056,197.45.162.173
2057,197.12.56.219
2058,197.253.84.131
2059,41.36.59.147
2060,197.253.68.82
2061,197.253.73.255
2062,197.253.88.201
2063,188.166.174.88
2064,41.106.50.112
2065,197.118.150.82
2066,157.217.192.169
2067,197.253.68.246
2068,219.95.52.73
2069,18.195.249.137
2070,197.22.234.156
2071,197.253.92.208
2072,197.171.158.16
2073,157.238.56.164
2074,197.253.93.127
2075,197.253.96.42
2076,51.79.242.58
2077,197.253.116.90
2078,202.133.216.29
2079,197.253.66.69
2080,197.253.80.163
2081,197.253.73.189
2082,41.1.108.123
2083,197.253.90.143
2084,41.16.210.221
2085,202.160.16.133
2086,185.125.190.29
2087,41.156.152.40
2088,197.205.176.79
2089,142.251.12.94
2090,157.31.255.150
2091,41.36.223.121
2092,157.159.113.242
2093,197.247.137.126
2094,41.229.107.73
2095,197.183.163.15
2096,197.64.154.59
2097,157.60.169.148
2098,197.91.182.4
2099,197.253.96.2
2100,197.253.90.123
2101,197.135.31.17
2102,41.187.194.40
2103,197.253.92.76
2104,41.77.133.66
2105,197.253.65.67
2106,41.118.186.103
2107,41.159.124.122
2108,197.253.117.160
2109,157.210.110.83
2110,197.253.69.139
2111,41.194.101.59
2112,157.6.51.139
2113,197.253.67.218
2114,51.79.216.136
2115,197.253.80.76
2116,157.131.216.7
2117,157.229.132.240
2118,41.184.101.134
2119,157.222.238.149
2120,197.31.116.29
2121,104.18.31.225
2122,197.253.80.241
2123,197.253.115.141
2124,157.251.172.29
2125,41.192.184.154
2126,41.25.4.132
2127,41.157.35.63
2128,197.253.89.52
2129,41.163.209.179
2130,197.253.68.159
2131,157.209.66.160
2132,197.253.84.207
2133,197.159.39.126
2134,197.253.75.230
2135,197.253.91.77
2136,197.253.90.181
2137,41.243.251.70
2138,197.253.80.150
2139,41.234.100.17
2140,197.253.81.168
2141,183.171.191.185
2142,157.108.117.213
2143,45.67.54.226
2144,197.253.114.165
2145,197.253.113.102
2146,157.4.199.189
2147,157.13.27.211
2148,157.124.148.239
2149,41.207.127.1
2150,197.253.91.137
2151,197.253.88.75
2152,197.253.89.94
2153,172.217.194.105
2154,197.253.96.25
2155,197.253.120.188
2156,197.253.81.232
2157,197.253.90.200
2158,197.219.72.154
2159,41.163.74.9
2160,197.253.86.62
2161,180.73.152.55
2162,197.253.64.68
2163,41.98.168.119
2164,41.84.62.49
2165,197.253.86.50
2166,157.147.139.108
2167,197.253.84.62
2168,197.253.80.196
2169,41.28.76.13
2170,41.29.41.128
2171,41.119.233.83
2172,197.253.91.62
2173,197.253.81.190
2174,41.238.59.218
2175,17.179.252.2
2176,197.122.97.164
2177,157.101.184.92
2178,197.253.87.48
2179,197.253.73.36
2180,74.125.24.132
2181,41.84.55.122
2182,41.242.59.155
2183,197.253.64.145
2184,61.6.174.243
2185,197.129.241.71
2186,197.253.64.240
2187,52.98.65.18
2188,197.253.73.17
2189,197.102.120.81
2190,157.211.200.122
2191,197.99.250.158
2192,157.144.146.254
2193,41.89.236.92
2194,157.251.45.10
2195,197.253.71.51
2196,52.73.36.237
2197,197.253.72.177
2198,197.195.159.47
2199,197.184.108.95
2200,197.16.46.95
2201,197.253.72.102
2202,197.253.98.228
2203,41.79.206.244
2204,41.130.162.94
2205,203.106.115.201
2206,197.253.88.164
2207,197.52.42.216
2208,197.253.87.220
2209,197.65.45.208
2210,197.62.16.166
2211,41.164.43.201
2212,197.253.80.226
2213,197.253.81.76
2214,35.227.198.107
2215,41.180.192.27
2216,197.234.61.124
2217,197.10.123.123
2218,197.253.82.64
2219,41.195.230.54
2220,41.253.83.70
2221,41.23.92.187
2222,41.182.82.39
2223,157.7.108.237
2224,52.98.84.82
2225,197.68.36.79
2226,197.253.71.90
2227,52.220.221.188
2228,197.99.202.231
2229,41.170.31.92
2230,197.253.84.20
2231,197.44.165.149
2232,197.253.88.67
2233,157.112.229.123
2234,197.253.66.130
2235,157.121.128.124
2236,197.253.72.44
2237,41.251.174.233
2238,157.131.73.55
2239,197.253.72.183
2240,197.253.90.120
2241,197.253.92.154
2242,172.67.206.14
2243,197.253.72.165
2244,157.10.58.162
2245,197.253.67.229
2246,197.253.66.255
2247,157.178.247.17
2248,161.151.208.172
2249,197.32.155.238
2250,157.206.32.31
2251,197.189.67.152
2252,74.125.68.97
2253,197.253.116.236
2254,197.253.75.171
2255,197.253.66.138
2256,197.201.46.105
2257,197.253.69.231
2258,157.243.125.197
2259,41.36.223.58
2260,41.185.175.107
2261,41.179.241.145
2262,41.6.166.251
2263,197.253.99.38
2264,175.142.85.144
2265,197.253.73.171
2266,222.164.46.207
2267,197.61.233.47
2268,157.96.85.13
2269,197.253.71.35
2270,41.156.6.113
2271,197.253.84.18
2272,41.241.207.99
2273,124.13.72.128
2274,74.125.130.100
2275,175.136.5.215
2276,157.236.142.117
2277,41.46.245.127
2278,157.144.90.249
2279,197.86.174.181
2280,197.253.91.72
2281,41.243.128.227
2282,197.60.45.200
2283,157.183.58.233
2284,157.104.247.95
2285,41.87.88.137
2286,197.2.71.43
2287,197.20.126.175
2288,157.0.24.72
2289,157.157.213.119
2290,197.202.232.243
2291,41.241.195.234
2292,41.154.148.64
2293,197.234.54.123
2294,41.130.219.123
2295,197.253.91.182
2296,151.101.2.167
2297,197.253.90.68
2298,197.253.73.218
2299,197.253.64.117
2300,202.187.16.40
2301,157.157.176.22
2302,197.253.88.128
2303,41.189.253.90
2304,180.75.47.219
2305,197.253.82.191
2306,157.180.239.246
2307,41.130.46.246
2308,197.1.176.63
2309,197.253.80.232
2310,157.2.199.226
2311,180.75.237.36
2312,197.253.87.62
2313,197.128.188.249
2314,197.253.115.250
2315,175.144.50.153
2316,197.253.125.165
2317,41.13.36.115
2318,197.253.80.225
2319,175.141.172.172
2320,197.253.82.165
2321,180.72.6.134
2322,197.206.100.29
2323,142.251.10.113
2324,157.206.131.168
2325,157.116.20.89
2326,41.138.140.252
2327,197.253.93.254
2328,197.253.80.96
2329,157.58.220.19
2330,41.73.226.50
2331,41.132.189.87
2332,60.53.32.237
2333,52.98.54.130
2334,197.185.22.254
2335,41.134.212.237
2336,157.221.102.31
2337,197.253.66.40
2338,197.234.43.45
2339,197.206.61.237
2340,197.2.61.59
2341,157.119.67.51
2342,197.253.84.112
2343,151.101.192.134
2344,197.131.165.5
2345,197.174.63.163
2346,157.44.47.179
2347,197.253.105.111
2348,197.253.68.57
2349,41.198.239.86
2350,197.47.245.213
2351,197.253.92.19
2352,41.252.107.95
2353,197.253.64.243
2354,118.103.255.30
2355,197.58.215.240
2356,197.253.84.190
2357,197.189.6.152
2358,64.233.170.132
2359,197.246.142.127
2360,119.74.94.41
2361,197.253.90.175
2362,136.226.238.172
2363,41.170.220.9
2364,157.159.37.74
2365,197.246.48.13
2366,41.246.175.45
2367,41.85.0.60
2368,104.22.5.96
2369,49.245.9.227
2370,41.193.195.89
2371,1.0.0.1
2372,157.250.76.10
2373,197.191.35.92
2374,157.96.84.240
2375,197.253.88.10
2376,41.44.192.168
2377,76.76.21.98
2378,197.253.90.101
2379,148.251.70.102
2380,197.33.192.80
2381,157.195.106.45
2382,41.161.236.236
2383,197.253.73.63
2384,157.91.229.234
2385,157.205.241.116
2386,197.253.93.106
2387,197.253.67.39
2388,197.107.103.225
2389,197.253.91.42
2390,197.183.250.57
2391,197.46.229.132
2392,41.153.16.35
2393,197.253.65.245
2394,197.253.73.56
2395,197.253.75.195
2396,175.143.58.174
2397,54.160.33.55
2398,180.74.225.199
2399,74.125.24.100
2400,197.76.65.57
2401,197.218.138.241
2402,197.214.98.190
2403,197.63.42.249
2404,41.79.151.49
2405,197.253.90.222
2406,197.76.147.227
2407,197.114.73.139
2408,41.230.126.19
2409,41.3.20.202
2410,41.173.55.132
2411,41.209.157.180
2412,222.164.128.1
2413,197.92.134.210
2414,197.253.73.125
2415,197.180.102.124
2416,197.253.82.44
2417,197.217.213.162
2418,197.76.203.209
2419,23.1.16.200
2420,172.217.194.119
2421,52.98.33.162
2422,74.125.200.139
2423,157.166.76.200
2424,197.253.82.158
2425,142.251.10.138
2426,41.233.241.119
2427,197.153.181.153
2428,197.253.65.18
2429,197.206.211.67
2430,116.14.66.153
2431,197.111.26.70
2432,116.15.44.60
2433,41.165.248.228
2434,41.44.3.133
2435,197.178.172.228
2436,197.253.122.175
2437,197.253.84.60
2438,157.125.234.175
2439,128.106.226.12
2440,103.6.150.164
2441,197.253.65.252
2442,197.253.72.231
2443,157.4.140.3
2444,41.197.76.95
2445,197.253.67.244
2446,197.253.65.156
2447,197.253.84.226
2448,101.78.91.86
2449,197.253.92.209
2450,197.253.71.42
2451,157.53.14.174
2452,41.70.69.185
2453,157.184.214.36
2454,157.54.243.251
2455,157.151.246.150
2456,197.118.119.249
2457,197.253.114.114
2458,197.253.93.110
2459,197.253.80.65
2460,41.213.128.176
2461,41.233.15.143
2462,40.100.29.242
2463,197.253.92.224
2464,34.120.208.123
2465,104.236.188.127
2466,41.241.199.10
2467,157.249.187.109
2468,197.253.92.23
2469,197.253.93.107
2470,197.251.36.250
2471,60.53.33.173
2472,41.110.217.18
2473,197.253.68.145
2474,197.253.108.90
2475,157.127.144.85
2476,41.85.21.146
2477,157.201.245.238
2478,42.153.149.184
2479,142.251.10.154
2480,18.143.29.77
2481,157.200.72.191
2482,197.253.72.242
2483,197.126.146.125
2484,34.237.199.147
2485,41.41.127.29
2486,197.240.16.48
2487,197.253.80.141
2488,197.253.82.117
2489,157.12.123.96
2490,197.253.92.183
2491,197.159.12.92
2492,51.79.176.52
2493,197.253.85.69
2494,41.200.81.163
2495,197.253.87.37
2496,197.253.85.97
2497,197.253.87.236
2498,197.253.103.103
2499,197.253.88.196
2500,157.227.242.7
2501,197.163.0.141
2502,197.253.81.47
2503,157.96.84.139
2504,71.18.1.248
2505,197.47.158.1
2506,197.4.209.69
2507,41.83.7.188
2508,41.255.200.236
2509,197.253.75.231
2510,41.113.124.156
2511,197.253.86.116
2512,197.253.72.194
2513,41.124.130.125
2514,197.253.90.83
2515,157.74.111.151
2516,197.4.10.252
2517,197.93.4.87
2518,197.253.84.120
2519,41.32.214.79
2520,197.253.80.26
2521,197.253.90.100
2522,185.125.190.20
2523,41.72.13.6
2524,197.113.122.114
2525,41.249.213.165
2526,197.253.65.154
2527,197.253.92.83
2528,197.253.82.43
2529,41.26.117.159
2530,41.213.95.102
2531,197.253.66.66
2532,40.99.8.194
2533,197.135.241.32
2534,157.200.59.247
2535,41.252.253.118
2536,157.53.127.142
2537,41.122.199.77
2538,41.199.49.237
2539,180.72.165.139
2540,157.249.134.209
2541,197.1.177.73
2542,197.14.106.153
2543,41.7.103.196
2544,197.240.139.42
2545,157.136.108.22
2546,197.253.82.135
2547,157.47.116.14
2548,197.214.96.36
2549,197.253.84.241
2550,197.253.64.0
2551,157.196.108.97
2552,74.125.130.132
2553,143.198.204.111
2554,197.253.92.220
2555,210.195.112.125
2556,41.4.118.60
2557,197.24.97.210
2558,197.64.187.9
2559,18.161.111.125
2560,44.211.12.90
2561,197.253.71.40
2562,54.230.112.83
2563,197.40.15.11
2564,197.253.64.237
2565,54.147.178.169
2566,197.253.80.2
2567,17.188.18.178
2568,41.36.79.90
2569,197.253.84.134
2570,157.187.58.87
2571,197.253.69.124
2572,197.57.109.70
2573,41.72.110.151
2574,41.72.31.195
2575,220.255.233.193
2576,197.253.73.52
2577,197.32.184.115
2578,41.36.108.87
2579,139.99.37.105
2580,197.253.72.6
2581,41.87.2.134
2582,197.253.92.22
2583,41.173.157.40
2584,197.61.153.78
2585,197.253.67.249
2586,197.253.88.89
2587,197.253.85.117
2588,197.101.254.123
2589,197.214.97.26
2590,41.193.241.93
2591,197.253.67.161
2592,197.253.86.89
2593,157.20.146.160
2594,157.61.165.237
2595,157.181.144.44
2596,107.167.110.216
2597,157.223.213.93
2598,157.191.226.48
2599,157.236.126.1
2600,197.253.88.153
2601,61.6.237.89
2602,41.173.160.161
2603,197.142.101.38
2604,157.37.207.183
2605,41.53.106.103
2606,41.157.176.193
2607,197.253.84.205
2608,197.253.81.230
2609,197.234.43.43
2610,157.211.153.226
2611,197.253.93.232
2612,157.11.93.40
2613,41.233.134.232
2614,197.235.139.191
2615,41.21.66.243
2616,157.220.229.202
2617,41.107.188.170
2618,197.74.158.191
2619,197.253.82.148
2620,197.184.76.42
2621,197.26.0.10
2622,197.253.81.74
2623,180.75.246.152
2624,197.175.189.155
2625,197.253.82.134
2626,197.253.90.44
2627,41.76.152.42
2628,197.161.56.159
2629,197.253.91.117
2630,197.248.16.30
2631,197.150.35.238
2632,197.253.80.213
2633,197.253.81.127
2634,197.26.35.48
2635,197.253.77.49
2636,197.253.81.33
2637,197.253.86.139
2638,197.242.45.129
2639,197.253.68.179
2640,197.253.90.229
2641,41.206.247.225
2642,197.253.64.23
2643,197.75.86.238
2644,197.207.51.211
2645,197.253.125.76
2646,41.230.93.16
2647,142.250.4.132
2648,197.253.73.204
2649,197.210.253.104
2650,197.30.20.192
2651,52.98.90.178
2652,197.253.87.225
2653,197.253.87.101
2654,41.194.201.240
2655,197.253.64.138
2656,157.47.144.118
2657,197.253.66.46
2658,157.147.249.26
2659,157.130.215.131
2660,54.147.97.199
2661,197.253.93.124
2662,41.234.87.116
2663,161.151.210.36
2664,157.44.41.62
2665,157.129.41.158
2666,49.51.177.225
2667,115.135.196.221
2668,116.14.126.207
2669,41.204.229.188
2670,41.168.194.78
2671,52.98.84.98
2672,157.63.165.216
2673,197.253.87.65
2674,197.253.85.130
2675,41.232.7.172
2676,197.198.217.5
2677,41.36.177.23
2678,197.223.205.77
2679,197.253.86.170
2680,197.253.90.6
2681,41.47.110.74
2682,157.184.63.207
2683,197.253.90.169
2684,13.224.250.20
2685,197.0.18.135
2686,157.116.116.101
2687,41.92.249.11
2688,197.221.79.29
2689,197.253.93.157
2690,157.124.182.8
2691,157.187.216.156
2692,197.253.95.222
2693,41.207.127.41
2694,41.46.112.162
2695,41.78.156.194
2696,157.75.138.63
2697,175.143.57.0
2698,157.152.183.134
2699,197.37.28.237
2700,157.83.184.226
2701,197.230.154.164
2702,34.149.214.34
2703,197.253.72.13
2704,197.109.48.54
2705,41.152.111.96
2706,197.225.209.45
2707,197.15.142.118
2708,197.170.182.187
2709,203.117.135.240
2710,197.132.1.191
2711,197.253.92.125
2712,115.66.97.191
2713,197.253.85.106
2714,172.217.194.147
2715,157.71.176.182
2716,41.199.51.217
2717,157.169.69.178
2718,197.253.84.201
2719,180.75.243.146
2720,197.253.116.134
2721,197.253.73.107
2722,197.253.88.166
2723,197.23.128.224
2724,197.234.70.7
2725,157.223.159.241
2726,157.133.38.35
2727,74.125.68.105
2728,197.99.66.186
2729,197.253.75.254
2730,54.192.150.125
2731,157.3.61.222
2732,197.253.81.56
2733,197.253.86.198
2734,161.151.209.235
2735,197.253.107.154
2736,113.211.208.240
2737,197.253.90.134
2738,96.16.117.218
2739,197.253.81.137
2740,157.160.188.46
2741,41.119.214.194
2742,197.111.10.206
2743,41.203.166.181
2744,197.40.195.94
2745,197.147.169.124
2746,157.49.78.49
2747,118.101.31.73
2748,197.253.75.141
2749,197.91.118.194
2750,157.89.87.39
2751,197.253.82.126
2752,157.186.93.195
2753,41.100.22.56
2754,157.45.20.0
2755,157.13.216.5
2756,197.243.153.211
2757,197.253.88.154
2758,41.57.45.203
2759,197.253.76.51
2760,197.253.71.67
2761,157.180.52.18
2762,157.34.91.26
2763,197.96.75.106
2764,157.96.85.209
2765,197.253.68.198
2766,197.253.81.222
2767,34.117.123.243
2768,197.253.102.169
2769,54.166.137.193
2770,157.72.60.70
2771,197.253.86.106
2772,222.255.214.123
2773,197.253.88.145
2774,40.99.10.98
2775,157.180.136.59
2776,41.50.172.223
2777,197.253.64.111
2778,197.253.67.236
2779,197.253.83.166
2780,41.244.108.68
2781,157.31.214.130
2782,41.101.7.202
2783,202.160.34.251
2784,197.205.157.130
2785,197.253.72.128
2786,41.96.46.171
2787,157.63.38.8
2788,197.253.84.203
2789,41.45.28.126
2790,41.36.205.234
2791,197.26.155.39
2792,41.252.7.147
2793,118.100.195.41
2794,197.169.40.248
2795,197.253.73.74
2796,197.253.89.169
2797,197.90.25.51
2798,216.239.32.181
2799,197.253.66.26
2800,197.253.90.231
2801,197.207.100.7
2802,197.253.65.147
2803,157.218.158.210
2804,157.155.242.53
2805,157.156.28.74
2806,197.105.58.201
2807,157.216.36.37
2808,197.253.68.136
2809,41.85.234.151
2810,197.253.88.250
2811,121.6.199.182
2812,41.17.153.23
2813,157.141.131.230
2814,197.253.66.179
2815,197.251.50.189
2816,197.71.124.194
2817,197.233.175.28
2818,197.253.65.248
2819,41.39.144.64
2820,146.75.92.134
2821,197.253.82.114
2822,197.253.85.23
2823,197.252.125.119
2824,218.212.38.8
2825,197.253.84.248
2826,54.192.150.67
2827,197.169.180.226
2828,197.253.120.87
2829,41.231.83.63
2830,157.91.25.198
2831,197.253.86.171
2832,41.36.134.198
2833,107.167.110.211
2834,157.96.84.232
2835,157.60.96.182
2836,18.161.111.83
2837,14.192.208.231
2838,41.188.19.98
2839,197.253.80.139
2840,197.253.72.96
2841,157.157.51.152
2842,197.121.251.117
2843,41.147.165.248
2844,197.253.86.172
2845,157.139.110.73
2846,197.218.94.15
2847,197.128.192.165
2848,157.132.217.131
2849,219.74.184.79
2850,157.94.65.99
2851,197.56.215.136
2852,197.253.93.226
2853,157.232.46.71
2854,197.253.92.254
2855,157.171.99.131
2856,41.196.21.221
2857,157.107.184.202
2858,197.78.26.67
2859,197.97.232.248
2860,157.236.246.143
2861,197.116.211.22
2862,41.168.126.193
2863,157.173.4.29
2864,197.253.89.244
2865,197.70.194.132
2866,197.253.69.176
2867,197.253.80.171
2868,157.185.156.143
2869,197.253.89.99
2870,197.101.200.64
2871,197.253.86.209
2872,197.153.59.214
2873,157.121.98.84
2874,197.253.84.91
2875,41.207.107.33
2876,197.253.116.222
2877,197.253.82.250
2878,197.179.99.19
2879,197.86.207.59
2880,197.253.88.148
2881,41.30.221.248
2882,197.244.228.80
2883,157.250.252.81
2884,185.199.110.133
2885,157.202.61.49
2886,197.191.212.94
2887,157.62.142.198
2888,197.57.198.69
2889,197.224.141.36
2890,197.15.83.253
2891,197.253.87.223
2892,60.50.34.20
2893,197.3.172.143
2894,157.96.84.37
2895,157.51.141.104
2896,178.249.208.139
2897,157.14.199.237
2898,41.87.71.233
2899,197.253.72.43
2900,197.253.64.229
2901,157.171.239.53
2902,157.150.148.2
2903,42.61.218.142
2904,23.237.64.106
2905,172.67.39.157
2906,41.247.41.98
2907,41.224.80.221
2908,197.253.88.18
2909,157.73.158.49
2910,197.168.243.127
2911,13.33.33.22
2912,197.253.84.159
2913,197.25.155.64
2914,197.253.80.164
2915,197.253.84.16
2916,197.26.154.206
2917,197.253.88.133
2918,197.168.210.254
2919,197.94.224.180
2920,197.253.64.216
2921,222.164.8.108
2922,41.96.211.250
2923,41.110.11.47
2924,157.117.123.110
2925,197.253.82.196
2926,157.28.97.152
2927,197.95.96.50
2928,197.253.87.71
2929,157.220.152.23
2930,197.253.67.228
2931,41.45.153.74
2932,197.253.86.69
2933,157.227.192.201
2934,197.253.84.130
2935,197.126.163.67
2936,157.155.213.233
2937,41.230.101.117
2938,197.115.165.136
2939,157.217.26.231
2940,41.122.237.175
2941,157.11.88.43
2942,116.87.0.1
2943,41.138.90.216
2944,60.49.69.240
2945,41.140.248.16
2946,180.75.243.160
2947,197.253.68.30
2948,61.6.239.25
2949,197.253.82.31
2950,41.67.169.250
2951,197.253.84.125
2952,197.253.91.242
2953,66.211.163.16
2954,197.246.130.175
2955,197.253.88.86
2956,161.151.113.198
2957,161.151.210.3
2958,197.93.193.58
2959,23.106.127.153
2960,41.234.163.121
2961,41.39.73.234
2962,157.144.244.135
2963,41.232.1.243
2964,197.253.88.194
2965,197.253.85.19
2966,41.205.8.1
2967,41.114.127.136
2968,197.253.81.140
2969,197.253.93.186
2970,41.71.242.97
2971,41.196.107.164
2972,41.237.158.201
2973,41.243.89.233
2974,197.129.151.159
2975,197.253.87.178
2976,197.253.92.159
2977,74.125.68.94
2978,197.253.64.148
2979,197.253.110.75
2980,157.82.220.95
2981,197.253.92.217
2982,197.57.117.48
2983,157.126.51.48
2984,41.190.161.103
2985,197.253.93.132
2986,197.253.87.76
2987,197.173.253.215
2988,157.172.118.169
2989,197.253.89.0
2990,197.205.121.250
2991,41.136.213.232
2992,197.253.65.237
2993,197.253.89.101
2994,41.44.219.233
2995,157.75.126.235
2996,41.32.172.188
2997,157.66.68.135
2998,151.101.66.167
2999,157.187.166.65
3000,197.111.162.51
3001,197.20.123.213
3002,197.253.64.116
3003,157.244.197.184
3004,197.253.100.71
3005,41.100.91.91
3006,41.36.42.199
3007,41.255.185.131
3008,180.75.243.24
3009,51.79.215.253
3010,197.253.72.240
3011,197.108.104.178
3012,197.253.97.141
3013,41.72.194.134
3014,197.197.82.66
3015,197.253.98.27
3016,197.223.39.48
3017,197.253.65.137
3018,104.26.7.183
3019,41.82.110.49
3020,124.13.167.14
3021,197.253.66.75
3022,157.167.231.7
3023,68.183.189.146
3024,41.37.32.199
3025,157.48.26.124
3026,41.134.184.0
3027,157.230.210.153
3028,197.222.217.199
3029,157.44.70.32
3030,52.98.50.66
3031,41.192.172.241
3032,157.76.85.137
3033,147.161.194.188
3034,41.225.73.220
3035,157.246.136.101
3036,23.2.36.202
3037,197.249.99.131
3038,157.111.90.100
3039,197.229.96.151
3040,41.43.169.118
3041,197.253.67.191
3042,175.143.160.126
3043,74.125.200.102
3044,197.253.67.233
3045,157.190.39.92
3046,41.125.101.174
3047,157.56.238.52
3048,41.135.124.120
3049,157.245.254.203
3050,157.249.206.124
3051,157.63.28.114
3052,41.222.190.157
3053,41.178.253.0
3054,41.167.188.227
3055,42.153.145.206
3056,41.207.35.131
3057,41.43.132.3
3058,197.253.112.90
3059,197.93.227.193
3060,197.159.186.131
3061,157.221.156.103
3062,41.27.8.130
3063,197.173.129.196
3064,197.195.163.181
3065,197.177.184.184
3066,41.175.88.123
3067,41.250.182.230
3068,41.233.191.253
3069,41.32.117.66
3070,197.59.22.206
3071,197.226.23.224
3072,115.135.28.244
3073,197.253.91.102
3074,74.125.24.101
3075,157.121.18.151
3076,197.253.90.54
3077,197.177.237.62
3078,157.95.46.97
3079,197.253.87.128
3080,115.134.105.131
3081,41.51.143.232
3082,41.82.43.33
3083,41.8.71.195
