target_ip,target_geo_country,Time Run
13.227.254.94,SG,2023-02-28 00:47:10.549756,Processed
13.227.254.99,SG,2023-02-28 00:47:27.380942,Processed
23.200.24.43,SG,2023-02-28 00:47:44.442034,Processed
17.248.164.108,SG,2023-02-28 00:48:01.296960,Processed
13.33.100.61,SG,2023-02-28 00:48:18.439334,Processed
52.76.228.161,SG,2023-02-28 00:48:35.382480,Processed
173.194.22.169,SG,2023-02-28 00:48:52.301530,Processed
18.142.201.37,SG,2023-02-28 00:49:09.166550,Processed
192.166.246.143,SG,2023-02-28 00:49:26.163593,Processed
203.116.175.163,SG,2023-02-28 00:49:43.037686,Processed
13.228.90.32,SG,2023-02-28 00:49:59.929305,Processed
52.76.40.178,SG,2023-02-28 00:50:17.009877,Processed
121.7.89.176,SG,2023-02-28 00:50:34.063551,Processed
31.13.68.1,SG,2023-02-28 00:50:50.953852,Processed
13.33.88.116,SG,2023-02-28 00:51:07.919303,Processed
3.1.152.102,SG,2023-02-28 00:51:24.833670,Processed
23.49.60.129,SG,2023-02-28 00:51:41.756546,Processed
96.16.116.196,SG,2023-02-28 00:51:58.722169,Processed
101.32.104.177,SG,2023-02-28 00:52:15.861872,Processed
17.248.154.11,SG,2023-02-28 00:52:32.732571,Processed
54.192.150.89,SG,2023-02-28 00:52:49.730945,Processed
23.52.113.101,SG,2023-02-28 00:53:06.700002,Processed
74.125.68.155,SG,2023-02-28 00:53:23.536474,Processed
52.76.243.108,SG,2023-02-28 00:53:40.473955,Processed
157.240.13.55,SG,2023-02-28 00:53:57.346598,Processed
23.210.250.80,SG,2023-02-28 00:54:14.264870,Processed
43.132.80.22,SG,2023-02-28 00:54:31.152096,Processed
13.33.28.118,SG,2023-02-28 00:54:48.122698,Processed
121.6.48.26,SG,2023-02-28 00:55:05.080791,Processed
23.195.152.208,SG,2023-02-28 00:55:22.028730,Processed
184.27.122.40,SG,2023-02-28 00:55:38.926155,Processed
52.98.71.50,SG,2023-02-28 00:55:55.807148,Processed
23.15.110.65,SG,2023-02-28 00:56:12.757796,Processed
23.49.60.202,SG,2023-02-28 00:56:29.691318,Processed
51.79.164.247,SG,2023-02-28 00:56:46.662566,Processed
188.42.147.32,SG,2023-02-28 00:57:03.551737,Processed
3.1.123.42,SG,2023-02-28 00:57:20.630837,Processed
23.59.80.33,SG,2023-02-28 00:57:37.581006,Processed
51.79.222.34,SG,2023-02-28 00:57:54.796057,Processed
23.215.7.84,SG,2023-02-28 00:58:11.645459,Processed
23.210.250.107,SG,2023-02-28 00:58:28.980895,Processed
175.41.187.144,SG,2023-02-28 00:58:45.985462,Processed
54.179.75.107,SG,2023-02-28 00:59:02.934634,Processed
54.169.104.250,SG,2023-02-28 00:59:20.078185,Processed
116.87.186.130,SG,2023-02-28 00:59:37.065127,Processed
157.240.7.53,SG,2023-02-28 00:59:54.283001,Processed
13.33.100.94,SG,2023-02-28 01:00:11.412011,Processed
23.75.23.57,SG,2023-02-28 01:00:28.320013,Processed
52.114.15.181,SG,2023-02-28 01:00:45.377318,Processed
74.125.171.73,SG,2023-02-28 01:01:02.265559,Processed
203.116.175.171,SG,2023-02-28 01:01:19.468448,Processed
54.192.150.44,SG,2023-02-28 01:01:36.795727,Processed
18.136.86.75,SG,2023-02-28 01:01:53.800813,Processed
52.84.251.9,SG,2023-02-28 01:02:10.653169,Processed
203.116.175.32,SG,2023-02-28 01:02:27.996145,Processed
104.69.163.61,SG,2023-02-28 01:02:45.002269,Processed
180.87.173.16,SG,2023-02-28 01:03:01.953226,Processed
17.248.154.17,SG,2023-02-28 01:03:18.867216,Processed
54.192.150.12,SG,2023-02-28 01:03:35.701005,Processed
13.33.88.87,SG,2023-02-28 01:03:52.622295,Processed
51.79.165.204,SG,2023-02-28 01:04:09.658996,Processed
104.69.163.60,SG,2023-02-28 01:04:26.586377,Processed
104.69.32.93,SG,2023-02-28 01:04:43.702830,Processed
17.248.164.45,SG,2023-02-28 01:05:00.548523,Processed
52.77.133.180,SG,2023-02-28 01:05:17.445761,Processed
23.220.203.115,SG,2023-02-28 01:05:34.401744,Processed
89.187.163.193,SG,2023-02-28 01:05:51.820415,Processed
52.220.33.166,SG,2023-02-28 01:06:08.758051,Processed
54.251.192.147,SG,2023-02-28 01:06:25.732691,Processed
23.54.56.156,SG,2023-02-28 01:06:43.050808,Processed
3.1.149.134,SG,2023-02-28 01:07:00.017750,Processed
104.83.197.140,SG,2023-02-28 01:07:16.971698,Processed
23.73.13.201,SG,2023-02-28 01:07:33.969513,Processed
167.71.195.165,SG,2023-02-28 01:07:50.860222,Processed
23.59.80.224,SG,2023-02-28 01:08:07.842790,Processed
52.74.88.135,SG,2023-02-28 01:08:24.763750,Processed
129.227.82.185,SG,2023-02-28 01:08:41.816224,Processed
89.187.162.21,SG,2023-02-28 01:08:58.676998,Processed
51.79.130.26,SG,2023-02-28 01:09:15.602170,Processed
17.248.154.3,SG,2023-02-28 01:09:32.786073,Processed
43.132.80.244,SG,2023-02-28 01:09:49.699695,Processed
17.248.164.12,SG,2023-02-28 01:10:06.716357,Processed
54.192.150.36,SG,2023-02-28 01:10:23.785412,Processed
165.21.111.145,SG,2023-02-28 01:10:40.765364,Processed
20.190.163.29,SG,2023-02-28 01:10:57.941848,Processed
23.5.165.18,SG,2023-02-28 01:11:14.846249,Processed
3.1.15.205,SG,2023-02-28 01:11:32.273486,Processed
17.248.164.82,SG,2023-02-28 01:11:49.130287,Processed
101.33.26.124,SG,2023-02-28 01:12:06.360085,Processed
103.151.126.72,SG,2023-02-28 01:12:23.233624,Processed
103.231.98.195,SG,2023-02-28 01:12:40.113286,Processed
13.33.88.101,SG,2023-02-28 01:12:56.901245,Processed
18.142.135.199,SG,2023-02-28 01:13:14.057135,Processed
150.109.90.54,SG,2023-02-28 01:13:31.014652,Processed
116.87.131.164,SG,2023-02-28 01:13:48.016069,Processed
52.98.90.178,SG,2023-02-28 01:14:04.963386,Processed
17.248.164.47,SG,2023-02-28 01:14:21.881926,Processed
116.14.207.20,SG,2023-02-28 01:14:38.853988,Processed
184.27.122.48,SG,2023-02-28 01:14:55.900363,Processed
52.84.251.24,SG,2023-02-28 01:15:12.819528,Processed
17.253.61.220,SG,2023-02-28 01:15:29.732289,Processed
101.33.26.140,SG,2023-02-28 01:15:46.844381,Processed
13.227.254.35,SG,2023-02-28 01:16:04.016798,Processed
31.13.68.34,SG,2023-02-28 01:16:20.979543,Processed
103.1.138.196,SG,2023-02-28 01:16:38.307769,Processed
13.35.18.228,SG,2023-02-28 01:16:55.333863,Processed
117.121.250.156,SG,2023-02-28 01:17:12.192432,Processed
40.99.10.66,SG,2023-02-28 01:17:29.120736,Processed
54.192.151.123,SG,2023-02-28 01:17:46.017058,Processed
20.212.128.44,SG,2023-02-28 01:18:02.928414,Processed
52.220.200.42,SG,2023-02-28 01:18:19.763230,Processed
54.192.150.58,SG,2023-02-28 01:18:36.596768,Processed
3.0.25.35,SG,2023-02-28 01:18:53.478394,Processed
13.33.33.53,SG,2023-02-28 01:19:10.540275,Processed
13.33.100.30,SG,2023-02-28 01:19:27.574996,Processed
23.39.12.48,SG,2023-02-28 01:19:44.677420,Processed
203.117.35.17,SG,2023-02-28 01:20:02.263563,Processed
40.119.249.228,SG,2023-02-28 01:20:19.180445,Processed
72.247.81.153,SG,2023-02-28 01:20:36.540740,Processed
23.5.165.11,SG,2023-02-28 01:20:53.553305,Processed
23.205.209.121,SG,2023-02-28 01:21:10.585436,Processed
20.212.96.199,SG,2023-02-28 01:21:27.535035,Processed
165.21.111.147,SG,2023-02-28 01:21:44.862662,Processed
74.125.200.139,SG,2023-02-28 01:22:01.714560,Processed
54.169.248.42,SG,2023-02-28 01:22:18.838456,Processed
192.166.246.41,SG,2023-02-28 01:22:35.820823,Processed
203.116.175.128,SG,2023-02-28 01:22:52.774558,Processed
23.50.92.154,SG,2023-02-28 01:23:09.836037,Processed
74.125.68.154,SG,2023-02-28 01:23:26.725116,Processed
18.140.39.47,SG,2023-02-28 01:23:44.279248,Processed
23.36.252.78,SG,2023-02-28 01:24:01.266240,Processed
150.109.90.59,SG,2023-02-28 01:24:18.217382,Processed
172.224.26.138,SG,2023-02-28 01:24:35.309959,Processed
13.33.33.41,SG,2023-02-28 01:24:52.191146,Processed
84.17.39.169,SG,2023-02-28 01:25:09.181627,Processed
51.79.204.59,SG,2023-02-28 01:25:26.058545,Processed
138.199.60.185,SG,2023-02-28 01:25:43.480765,Processed
203.116.175.170,SG,2023-02-28 01:26:00.382543,Processed
54.192.150.67,SG,2023-02-28 01:26:17.284164,Processed
157.240.13.1,SG,2023-02-28 01:26:34.278117,Processed
58.182.177.133,SG,2023-02-28 01:26:51.210185,Processed
52.221.62.54,SG,2023-02-28 01:27:08.188497,Processed
23.205.208.247,SG,2023-02-28 01:27:25.299843,Processed
104.70.101.66,SG,2023-02-28 01:27:42.345321,Processed
54.192.150.77,SG,2023-02-28 01:27:59.314967,Processed
161.117.96.24,SG,2023-02-28 01:28:16.180399,Processed
18.138.223.207,SG,2023-02-28 01:28:33.122080,Processed
13.251.71.45,SG,2023-02-28 01:28:49.981517,Processed
204.246.164.112,SG,2023-02-28 01:29:06.995930,Processed
185.200.117.142,SG,2023-02-28 01:29:23.879469,Processed
52.98.33.130,SG,2023-02-28 01:29:41.018501,Processed
23.5.165.146,SG,2023-02-28 01:29:57.926744,Processed
52.84.251.50,SG,2023-02-28 01:30:15.101912,Processed
52.74.243.124,SG,2023-02-28 01:30:32.020366,Processed
121.7.140.29,SG,2023-02-28 01:30:49.210776,Processed
43.132.81.247,SG,2023-02-28 01:31:06.228062,Processed
104.69.42.77,SG,2023-02-28 01:31:23.313194,Processed
17.248.164.17,SG,2023-02-28 01:31:40.115944,Processed
17.248.164.10,SG,2023-02-28 01:31:57.137978,Processed
54.192.150.37,SG,2023-02-28 01:32:14.104477,Processed
54.151.230.219,SG,2023-02-28 01:32:31.026095,Processed
157.240.13.174,SG,2023-02-28 01:32:48.145300,Processed
13.33.33.38,SG,2023-02-28 01:33:05.121313,Processed
161.117.32.237,SG,2023-02-28 01:33:22.024026,Processed
13.33.92.224,SG,2023-02-28 01:33:39.001853,Processed
45.40.48.215,SG,2023-02-28 01:33:55.912880,Processed
13.227.248.101,SG,2023-02-28 01:34:13.036377,Processed
157.240.13.14,SG,2023-02-28 01:34:29.892724,Processed
23.47.190.131,SG,2023-02-28 01:34:46.951339,Processed
161.117.125.44,SG,2023-02-28 01:35:03.958677,Processed
184.87.200.27,SG,2023-02-28 01:35:21.161704,Processed
172.217.194.97,SG,2023-02-28 01:35:38.064449,Processed
23.5.165.66,SG,2023-02-28 01:35:55.008785,Processed
20.44.239.154,SG,2023-02-28 01:36:12.312547,Processed
13.67.74.235,SG,2023-02-28 01:36:29.241655,Processed
18.140.168.176,SG,2023-02-28 01:36:46.155999,Processed
3.1.22.50,SG,2023-02-28 01:37:03.288079,Processed
13.33.33.70,SG,2023-02-28 01:37:20.172844,Processed
203.205.159.17,SG,2023-02-28 01:37:37.138393,Processed
104.89.118.22,SG,2023-02-28 01:37:54.068889,Processed
52.76.156.186,SG,2023-02-28 01:38:11.397522,Processed
52.77.93.191,SG,2023-02-28 01:38:28.355195,Processed
17.253.61.216,SG,2023-02-28 01:38:45.301404,Processed
157.240.13.48,SG,2023-02-28 01:39:02.240561,Processed
139.99.45.37,SG,2023-02-28 01:39:19.584577,Processed
23.52.171.137,SG,2023-02-28 01:39:36.457632,Processed
17.248.164.44,SG,2023-02-28 01:39:53.322005,Processed
150.109.90.118,SG,2023-02-28 01:40:10.518123,Processed
203.116.175.122,SG,2023-02-28 01:40:27.397832,Processed
17.253.61.215,SG,2023-02-28 01:40:44.695653,Processed
172.217.194.132,SG,2023-02-28 01:41:01.825412,Processed
52.111.240.11,SG,2023-02-28 01:41:18.927835,Processed
51.79.158.73,SG,2023-02-28 01:41:36.125392,Processed
184.50.97.221,SG,2023-02-28 01:41:53.063529,Processed
116.0.81.227,SG,2023-02-28 01:42:10.017256,Processed
13.251.233.244,SG,2023-02-28 01:42:26.961472,Processed
52.84.251.86,SG,2023-02-28 01:42:43.936243,Processed
101.32.143.30,SG,2023-02-28 01:43:00.819520,Processed
184.87.193.72,SG,2023-02-28 01:43:18.032820,Processed
13.33.33.108,SG,2023-02-28 01:43:35.047661,Processed
74.125.68.153,SG,2023-02-28 01:43:52.313901,Processed
156.246.18.131,SG,2023-02-28 01:44:09.254276,Processed
18.141.43.183,SG,2023-02-28 01:44:26.149951,Processed
104.69.107.45,SG,2023-02-28 01:44:43.069940,Processed
184.31.4.207,SG,2023-02-28 01:45:00.046061,Processed
17.248.154.5,SG,2023-02-28 01:45:17.028863,Processed
17.248.154.22,SG,2023-02-28 01:45:33.946744,Processed
116.87.189.216,SG,2023-02-28 01:45:50.815792,Processed
17.248.154.39,SG,2023-02-28 01:46:07.737646,Processed
17.248.164.102,SG,2023-02-28 01:46:24.863063,Processed
17.253.61.203,SG,2023-02-28 01:46:41.879702,Processed
103.231.98.196,SG,2023-02-28 01:46:58.712413,Processed
124.155.222.26,SG,2023-02-28 01:47:15.649990,Processed
13.33.33.51,SG,2023-02-28 01:47:32.754542,Processed
54.192.150.13,SG,2023-02-28 01:47:49.668547,Processed
13.33.100.132,SG,2023-02-28 01:48:06.631711,Processed
91.108.56.173,SG,2023-02-28 01:48:24.049909,Processed
52.76.163.242,SG,2023-02-28 01:48:40.960056,Processed
180.87.173.16,SG,2023-02-28 01:48:56.970009,Not Processed
103.155.16.178,SG,2023-02-28 01:48:57.899745,Processed
103.207.108.98,SG,2023-02-28 01:49:14.966085,Processed
157.240.7.16,SG,2023-02-28 01:49:31.921110,Processed
169.150.243.3,SG,2023-02-28 01:49:48.768994,Processed
52.139.250.209,SG,2023-02-28 01:50:05.859033,Processed
13.227.254.102,SG,2023-02-28 01:50:22.785958,Processed
157.240.15.63,SG,2023-02-28 01:50:39.724349,Processed
46.51.219.70,SG,2023-02-28 01:50:56.608746,Processed
106.10.186.200,SG,2023-02-28 01:51:13.647942,Processed
159.138.91.5,SG,2023-02-28 01:51:30.984467,Processed
119.74.176.84,SG,2023-02-28 01:51:47.875108,Processed
13.33.33.6,SG,2023-02-28 01:52:05.043803,Processed
144.126.242.176,SG,2023-02-28 01:52:22.239453,Processed
104.69.96.220,SG,2023-02-28 01:52:39.349829,Processed
23.195.121.150,SG,2023-02-28 01:52:56.247821,Processed
157.240.7.6,SG,2023-02-28 01:53:13.411527,Processed
13.215.82.183,SG,2023-02-28 01:53:30.459722,Processed
143.244.33.161,SG,2023-02-28 01:53:47.349718,Processed
18.136.42.214,SG,2023-02-28 01:54:04.490742,Processed
46.137.229.114,SG,2023-02-28 01:54:21.410077,Processed
125.56.199.43,SG,2023-02-28 01:54:38.287582,Processed
23.210.250.82,SG,2023-02-28 01:54:55.446429,Processed
184.31.4.201,SG,2023-02-28 01:55:12.386713,Processed
52.221.15.231,SG,2023-02-28 01:55:29.248868,Processed
125.56.199.9,SG,2023-02-28 01:55:46.151282,Processed
13.33.33.60,SG,2023-02-28 01:56:02.981058,Processed
23.47.190.123,SG,2023-02-28 01:56:20.003945,Processed
203.116.175.115,SG,2023-02-28 01:56:36.896426,Processed
17.248.164.198,SG,2023-02-28 01:56:53.828558,Processed
194.233.94.209,SG,2023-02-28 01:57:11.151817,Processed
52.98.65.2,SG,2023-02-28 01:57:28.208940,Processed
52.84.251.97,SG,2023-02-28 01:57:45.031074,Processed
52.84.251.74,SG,2023-02-28 01:58:01.868427,Processed
43.132.80.22,SG,2023-02-28 01:58:17.872820,Not Processed
23.15.98.69,SG,2023-02-28 01:58:18.763521,Processed
54.255.26.7,SG,2023-02-28 01:58:35.922764,Processed
13.33.100.129,SG,2023-02-28 01:58:52.916167,Processed
13.33.79.144,SG,2023-02-28 01:59:10.054529,Processed
89.187.163.131,SG,2023-02-28 01:59:27.710087,Processed
52.84.251.60,SG,2023-02-28 01:59:44.596484,Processed
157.240.7.20,SG,2023-02-28 02:00:01.550395,Processed
13.33.33.118,SG,2023-02-28 02:00:18.443642,Processed
52.77.158.91,SG,2023-02-28 02:00:35.359943,Processed
125.252.229.70,SG,2023-02-28 02:00:52.382102,Processed
23.36.252.240,SG,2023-02-28 02:01:09.312052,Processed
52.84.251.64,SG,2023-02-28 02:01:26.620590,Processed
156.59.151.17,SG,2023-02-28 02:01:44.136864,Processed
13.33.33.91,SG,2023-02-28 02:02:01.105281,Processed
72.247.81.88,SG,2023-02-28 02:02:18.627387,Processed
8.218.46.10,SG,2023-02-28 02:02:35.479364,Processed
159.138.85.193,SG,2023-02-28 02:02:52.459781,Processed
51.79.223.21,SG,2023-02-28 02:03:09.735905,Processed
17.248.164.11,SG,2023-02-28 02:03:26.760114,Processed
151.192.83.68,SG,2023-02-28 02:03:43.648451,Processed
202.156.3.37,SG,2023-02-28 02:04:00.572265,Processed
13.33.88.19,SG,2023-02-28 02:04:17.469851,Processed
161.117.125.94,SG,2023-02-28 02:04:34.456487,Processed
69.173.158.68,SG,2023-02-28 02:04:51.372033,Processed
157.240.13.175,SG,2023-02-28 02:05:08.293832,Processed
54.192.150.11,SG,2023-02-28 02:05:25.256755,Processed
91.108.56.122,SG,2023-02-28 02:05:42.138125,Processed
23.200.24.27,SG,2023-02-28 02:05:59.027701,Processed
54.251.222.189,SG,2023-02-28 02:06:16.349389,Processed
52.98.70.130,SG,2023-02-28 02:06:33.359138,Processed
203.116.175.152,SG,2023-02-28 02:06:50.235517,Processed
43.156.222.154,SG,2023-02-28 02:07:07.110961,Processed
124.155.222.58,SG,2023-02-28 02:07:24.377090,Processed
103.252.202.183,SG,2023-02-28 02:07:41.424915,Processed
184.31.5.103,SG,2023-02-28 02:07:58.388644,Processed
103.136.220.205,SG,2023-02-28 02:08:15.283686,Processed
157.240.7.20,SG,2023-02-28 02:08:31.289404,Not Processed
23.205.209.126,SG,2023-02-28 02:08:32.371372,Processed
119.13.160.160,SG,2023-02-28 02:08:49.302330,Processed
89.187.162.134,SG,2023-02-28 02:09:06.150259,Processed
23.205.209.74,SG,2023-02-28 02:09:23.274831,Processed
111.223.64.51,SG,2023-02-28 02:09:40.195164,Processed
157.240.15.61,SG,2023-02-28 02:09:57.325428,Processed
13.35.13.83,SG,2023-02-28 02:10:14.192296,Processed
40.99.10.34,SG,2023-02-28 02:10:31.014620,Processed
101.33.26.196,SG,2023-02-28 02:10:48.019291,Processed
188.42.147.158,SG,2023-02-28 02:11:05.224560,Processed
23.52.171.154,SG,2023-02-28 02:11:22.169690,Processed
86.48.10.115,SG,2023-02-28 02:11:39.043407,Processed
184.28.53.99,SG,2023-02-28 02:11:56.121287,Processed
203.116.175.136,SG,2023-02-28 02:12:13.144410,Processed
43.132.80.26,SG,2023-02-28 02:12:30.114983,Processed
157.240.13.14,SG,2023-02-28 02:12:46.130708,Not Processed
134.238.32.89,SG,2023-02-28 02:12:47.026248,Processed
13.35.18.21,SG,2023-02-28 02:13:03.903066,Processed
52.84.251.63,SG,2023-02-28 02:13:20.868859,Processed
157.240.7.33,SG,2023-02-28 02:13:37.756589,Processed
51.79.204.178,SG,2023-02-28 02:13:54.677672,Processed
23.44.4.26,SG,2023-02-28 02:14:11.786862,Processed
202.65.240.210,SG,2023-02-28 02:14:29.180620,Processed
54.192.150.84,SG,2023-02-28 02:14:46.004428,Processed
23.59.80.67,SG,2023-02-28 02:15:02.908287,Processed
23.200.24.99,SG,2023-02-28 02:15:19.895920,Processed
52.84.251.104,SG,2023-02-28 02:15:37.045893,Processed
13.33.28.218,SG,2023-02-28 02:15:54.261293,Processed
156.146.57.46,SG,2023-02-28 02:16:11.198694,Processed
17.248.154.10,SG,2023-02-28 02:16:28.390294,Processed
13.33.33.72,SG,2023-02-28 02:16:45.352427,Processed
84.247.49.210,SG,2023-02-28 02:17:02.197129,Processed
107.155.23.10,SG,2023-02-28 02:17:20.027665,Processed
124.155.222.40,SG,2023-02-28 02:17:37.241992,Processed
103.28.54.162,SG,2023-02-28 02:17:54.152901,Processed
17.248.164.104,SG,2023-02-28 02:18:11.301805,Processed
104.65.229.48,SG,2023-02-28 02:18:28.436295,Processed
101.33.26.180,SG,2023-02-28 02:18:45.321038,Processed
13.33.78.115,SG,2023-02-28 02:19:02.777769,Processed
23.54.56.210,SG,2023-02-28 02:19:20.335151,Processed
52.74.138.239,SG,2023-02-28 02:19:37.333008,Processed
54.192.150.59,SG,2023-02-28 02:19:54.448561,Processed
111.223.64.57,SG,2023-02-28 02:20:11.507664,Processed
51.79.223.17,SG,2023-02-28 02:20:28.821191,Processed
104.28.156.111,SG,2023-02-28 02:20:45.753864,Processed
47.241.41.246,SG,2023-02-28 02:21:02.752827,Processed
17.253.61.204,SG,2023-02-28 02:21:20.059034,Processed
20.157.117.5,SG,2023-02-28 02:21:36.926738,Processed
209.85.228.10,SG,2023-02-28 02:21:53.860919,Processed
101.33.26.226,SG,2023-02-28 02:22:10.778600,Processed
23.61.0.95,SG,2023-02-28 02:22:27.749543,Processed
125.252.229.208,SG,2023-02-28 02:22:44.699599,Processed
51.79.206.66,SG,2023-02-28 02:23:01.627140,Processed
18.136.178.185,SG,2023-02-28 02:23:18.745807,Processed
43.132.81.121,SG,2023-02-28 05:23:37.875316,Processed
157.240.13.33,SG,2023-02-28 09:33:10.005368,Processed
103.6.151.227,SG,2023-02-28 09:33:27.320876,Processed
23.54.56.132,SG,2023-02-28 09:33:44.302252,Processed
13.33.33.95,SG,2023-02-28 09:34:01.306780,Processed
51.79.166.235,SG,2023-02-28 09:34:18.516862,Processed
157.240.15.52,SG,2023-02-28 09:34:35.429681,Processed
74.125.171.10,SG,2023-02-28 09:34:52.340209,Processed
23.49.60.136,SG,2023-02-28 09:35:09.230468,Processed
104.103.150.205,SG,2023-02-28 09:35:26.239531,Processed
43.156.223.191,SG,2023-02-28 09:35:43.148781,Processed
173.194.51.102,SG,2023-02-28 09:36:00.458868,Processed
17.248.154.52,SG,2023-02-28 09:36:17.422363,Processed
52.74.200.0,SG,2023-02-28 09:36:34.338154,Processed
202.165.107.53,SG,2023-02-28 09:36:51.356393,Processed
13.251.171.38,SG,2023-02-28 09:37:08.640015,Processed
157.240.15.34,SG,2023-02-28 09:37:25.516996,Processed
23.58.140.25,SG,2023-02-28 09:37:42.473257,Processed
23.54.58.69,SG,2023-02-28 09:37:59.378952,Processed
3.1.172.253,SG,2023-02-28 09:38:16.275027,Processed
52.98.71.210,SG,2023-02-28 09:38:33.179737,Processed
43.132.81.184,SG,2023-02-28 09:38:50.120256,Processed
13.229.19.162,SG,2023-02-28 09:39:07.565127,Processed
96.17.72.40,SG,2023-02-28 09:39:24.775629,Processed
23.5.165.51,SG,2023-02-28 09:39:41.730034,Processed
23.200.24.90,SG,2023-02-28 09:39:58.706515,Processed
13.33.28.151,SG,2023-02-28 09:40:15.932865,Processed
23.50.94.75,SG,2023-02-28 09:40:33.047929,Processed
18.140.28.233,SG,2023-02-28 09:40:50.105992,Processed
138.113.125.14,SG,2023-02-28 09:41:07.095636,Processed
13.214.91.161,SG,2023-02-28 09:41:24.124687,Processed
23.44.0.126,SG,2023-02-28 09:41:41.121966,Processed
116.86.140.226,SG,2023-02-28 09:41:58.069588,Processed
203.116.188.216,SG,2023-02-28 09:42:15.023781,Processed
23.212.92.24,SG,2023-02-28 09:42:32.038278,Processed
43.152.143.228,SG,2023-02-28 09:42:49.029909,Processed
103.155.16.130,SG,2023-02-28 09:43:05.924714,Processed
89.187.162.142,SG,2023-02-28 09:43:22.850755,Processed
125.56.199.98,SG,2023-02-28 09:43:39.832832,Processed
157.240.13.175,SG,2023-02-28 09:43:55.847286,Not Processed
52.123.252.34,SG,2023-02-28 09:43:56.730290,Processed
51.79.167.114,SG,2023-02-28 09:44:13.615854,Processed
51.79.204.61,SG,2023-02-28 09:44:30.583786,Processed
43.132.73.53,SG,2023-02-28 09:44:47.448982,Processed
17.248.164.77,SG,2023-02-28 09:45:04.306356,Processed
54.192.150.17,SG,2023-02-28 09:45:21.189858,Processed
111.223.64.91,SG,2023-02-28 09:45:38.114446,Processed
111.223.64.51,SG,2023-02-28 09:45:54.118125,Not Processed
139.99.68.6,SG,2023-02-28 09:45:55.078327,Processed
13.33.28.61,SG,2023-02-28 09:46:11.969262,Processed
52.114.15.111,SG,2023-02-28 09:46:29.004534,Processed
210.10.5.13,SG,2023-02-28 09:46:45.966945,Processed
52.220.83.205,SG,2023-02-28 09:47:02.924017,Processed
142.251.91.102,SG,2023-02-28 09:47:19.751843,Processed
17.253.61.198,SG,2023-02-28 09:47:36.663014,Processed
