target_ip,target_geo_country
101.32.113.139,NL
101.32.113.56,NL
101.33.29.101,NL
103.145.13.39,NL
103.145.13.97,NL
104.248.206.124,NL
104.28.155.221,NL
109.107.177.36,NL
109.201.130.11,NL
109.201.133.205,NL
109.201.134.96,NL
109.201.152.164,NL
109.201.152.167,NL
109.201.152.168,NL
109.201.152.169,NL
109.202.99.130,NL
109.206.181.2,NL
109.206.182.60,NL
109.206.240.147,NL
109.206.240.231,NL
109.206.240.9,NL
113.30.189.131,NL
128.116.121.3,NL
128.199.55.244,NL
13.69.109.130,NL
13.69.109.131,NL
13.69.116.104,NL
13.69.53.91,NL
134.122.48.26,NL
134.19.179.235,NL
134.19.188.91,NL
134.209.207.188,NL
134.209.81.221,NL
134.209.86.173,NL
137.221.104.122,NL
137.221.104.172,NL
137.221.105.136,NL
137.221.105.152,NL
137.221.106.103,NL
137.221.106.121,NL
137.221.106.19,NL
137.221.106.22,NL
138.199.7.132,NL
139.45.195.6,NL
139.45.195.8,NL
139.45.197.230,NL
139.45.197.238,NL
139.45.197.239,NL
139.45.197.245,NL
139.45.197.252,NL
139.45.197.253,NL
139.45.240.82,NL
141.11.246.202,NL
141.148.230.12,NL
142.250.76.163,NL
142.93.130.159,NL
142.93.233.136,NL
143.177.14.24,NL
143.178.202.73,NL
143.244.41.219,NL
143.244.42.103,NL
143.47.185.35,NL
145.40.96.135,NL
145.90.8.10,NL
146.190.22.109,NL
146.190.229.33,NL
147.78.103.254,NL
149.34.244.235,NL
149.34.244.39,NL
150.109.3.9,NL
151.236.14.29,NL
154.16.180.218,NL
154.47.21.177,NL
154.47.21.180,NL
156.241.0.178,NL
157.245.69.143,NL
159.223.219.99,NL
159.223.225.116,NL
159.223.236.123,NL
159.48.55.160,NL
159.65.193.236,NL
161.35.153.48,NL
161.35.154.174,NL
161.35.95.46,NL
161.35.95.47,NL
163.123.143.103,NL
163.158.100.246,NL
163.158.57.145,NL
163.172.218.240,NL
164.90.202.89,NL
165.22.205.214,NL
165.225.29.15,NL
165.225.29.17,NL
165.232.86.47,NL
167.71.12.102,NL
167.71.7.230,NL
167.99.43.66,NL
169.150.196.30,NL
169.150.196.40,NL
169.150.223.193,NL
169.150.223.202,NL
169.150.223.207,NL
171.22.30.119,NL
171.22.30.12,NL
171.22.30.173,NL
172.107.95.30,NL
172.241.64.228,NL
172.255.232.236,NL
172.255.6.126,NL
172.255.6.229,NL
173.212.194.163,NL
173.212.202.248,NL
173.212.205.4,NL
173.212.205.73,NL
173.212.213.189,NL
173.249.19.73,NL
173.249.44.161,NL
173.249.44.162,NL
173.249.44.165,NL
173.249.44.185,NL
173.249.44.188,NL
176.97.210.201,NL
178.128.242.134,NL
178.162.130.140,NL
178.162.135.123,NL
178.162.140.83,NL
178.162.144.35,NL
178.162.144.50,NL
178.162.145.121,NL
178.162.145.230,NL
178.162.145.51,NL
178.162.145.83,NL
178.162.145.87,NL
178.162.151.197,NL
178.239.173.245,NL
178.62.203.137,NL
178.62.210.212,NL
178.84.115.247,NL
178.84.76.146,NL
178.85.157.32,NL
181.214.206.193,NL
181.214.206.62,NL
185.104.29.118,NL
185.107.45.46,NL
185.107.71.129,NL
185.107.71.130,NL
185.107.71.132,NL
185.107.71.133,NL
185.107.71.137,NL
185.107.71.138,NL
185.107.71.139,NL
185.107.71.140,NL
185.107.71.144,NL
185.107.71.145,NL
185.107.71.146,NL
185.107.71.147,NL
185.107.80.78,NL
185.107.80.86,NL
185.107.94.140,NL
185.107.94.29,NL
185.107.94.58,NL
185.107.95.68,NL
185.107.95.69,NL
185.107.95.79,NL
185.107.95.90,NL
185.117.72.109,NL
185.126.33.67,NL
185.132.133.141,NL
185.132.178.151,NL
185.14.31.225,NL
185.142.236.34,NL
185.142.236.35,NL
185.142.236.36,NL
185.142.236.38,NL
185.142.239.16,NL
185.149.90.106,NL
185.149.90.17,NL
185.149.90.23,NL
185.149.90.54,NL
185.149.90.72,NL
185.151.204.200,NL
185.151.204.201,NL
185.151.204.32,NL
185.151.204.50,NL
185.151.204.51,NL
185.151.204.6,NL
185.156.73.150,NL
185.156.73.153,NL
185.156.73.157,NL
185.156.73.54,NL
185.156.73.91,NL
185.162.184.14,NL
185.162.184.18,NL
185.162.184.5,NL
185.162.184.7,NL
185.162.184.9,NL
185.162.235.166,NL
185.162.235.176,NL
185.162.235.253,NL
185.167.96.138,NL
185.167.96.146,NL
185.167.96.150,NL
185.167.97.191,NL
185.167.97.229,NL
185.167.97.244,NL
185.167.97.31,NL
185.167.97.38,NL
185.167.98.76,NL
185.177.139.22,NL
185.182.193.109,NL
185.182.194.85,NL
185.183.32.146,NL
185.184.8.90,NL
185.198.59.153,NL
185.208.130.94,NL
185.213.175.87,NL
185.214.99.126,NL
185.216.140.132,NL
185.216.71.65,NL
185.217.95.187,NL
185.220.205.185,NL
185.220.205.196,NL
185.220.205.248,NL
185.221.202.29,NL
185.223.93.28,NL
185.224.128.17,NL
185.224.128.213,NL
185.224.128.227,NL
185.224.128.249,NL
185.224.129.177,NL
185.225.73.170,NL
185.225.73.79,NL
185.225.74.132,NL
185.225.74.39,NL
185.225.74.53,NL
185.225.74.55,NL
185.229.191.10,NL
185.229.54.191,NL
185.231.223.149,NL
185.236.228.66,NL
185.246.220.76,NL
185.246.220.98,NL
185.53.90.26,NL
185.56.20.101,NL
185.65.134.166,NL
185.65.134.167,NL
185.73.221.237,NL
185.73.221.243,NL
185.75.252.140,NL
185.88.180.98,NL
185.94.188.130,NL
185.94.188.254,NL
185.98.53.17,NL
185.98.53.29,NL
188.166.39.19,NL
188.166.65.146,NL
188.166.70.159,NL
188.166.81.73,NL
188.166.91.144,NL
188.72.98.103,NL
190.2.148.15,NL
191.96.168.97,NL
192.42.116.241,NL
192.42.116.242,NL
192.42.116.244,NL
193.118.53.138,NL
193.118.53.139,NL
193.118.53.141,NL
193.118.55.162,NL
193.118.55.163,NL
193.118.55.164,NL
193.118.55.165,NL
193.118.55.166,NL
193.118.55.170,NL
193.118.55.172,NL
193.142.146.21,NL
193.142.146.35,NL
193.163.71.23,NL
193.23.249.120,NL
193.23.249.57,NL
193.32.162.159,NL
193.32.162.173,NL
193.32.249.137,NL
193.32.249.163,NL
193.32.249.168,NL
193.32.249.171,NL
193.32.249.175,NL
193.35.18.128,NL
193.35.18.135,NL
193.35.18.140,NL
193.35.18.163,NL
193.35.18.168,NL
193.35.18.197,NL
193.35.18.221,NL
193.35.18.224,NL
193.35.18.33,NL
193.35.18.34,NL
193.35.18.37,NL
193.42.33.113,NL
193.42.33.21,NL
193.47.61.149,NL
193.47.61.193,NL
193.57.40.49,NL
194.127.173.15,NL
194.180.49.104,NL
194.36.190.93,NL
194.49.94.56,NL
194.49.94.63,NL
194.87.151.204,NL
195.133.40.16,NL
195.133.40.73,NL
195.169.125.251,NL
195.20.49.208,NL
195.20.51.84,NL
195.240.107.69,NL
195.78.54.131,NL
195.78.54.170,NL
195.78.54.21,NL
195.78.54.237,NL
195.78.54.34,NL
195.85.23.30,NL
195.85.23.88,NL
198.16.80.34,NL
20.50.2.28,NL
20.50.201.195,NL
20.50.201.200,NL
20.50.201.201,NL
206.189.0.60,NL
207.180.192.205,NL
207.180.192.206,NL
208.109.189.164,NL
212.102.35.140,NL
212.127.226.127,NL
212.178.135.62,NL
212.178.154.174,NL
212.192.216.138,NL
212.32.230.228,NL
212.32.236.201,NL
212.32.243.201,NL
212.32.243.202,NL
212.32.243.203,NL
212.32.244.158,NL
212.32.252.231,NL
212.32.252.235,NL
212.32.254.122,NL
212.87.204.100,NL
212.87.204.147,NL
212.92.64.66,NL
213.10.246.148,NL
213.126.43.162,NL
213.152.161.181,NL
213.152.165.98,NL
213.188.196.246,NL
213.188.223.117,NL
213.227.129.3,NL
213.227.140.68,NL
213.227.142.30,NL
213.247.67.102,NL
213.34.163.254,NL
213.93.45.105,NL
216.131.88.244,NL
217.102.163.89,NL
217.103.7.11,NL
217.104.122.245,NL
217.121.244.44,NL
217.146.87.160,NL
217.23.1.103,NL
217.23.12.105,NL
23.109.248.16,NL
23.109.248.179,NL
23.109.248.22,NL
23.83.127.170,NL
23.90.160.138,NL
23.90.160.139,NL
23.90.160.142,NL
23.90.160.146,NL
23.90.160.147,NL
23.90.160.148,NL
23.90.160.149,NL
31.20.219.185,NL
31.201.56.216,NL
31.201.86.161,NL
31.21.169.125,NL
31.220.1.83,NL
31.42.176.103,NL
37.1.204.84,NL
37.1.205.89,NL
37.16.75.60,NL
37.251.110.198,NL
37.48.111.195,NL
37.48.67.25,NL
37.48.68.87,NL
37.48.68.90,NL
37.48.77.107,NL
37.48.85.85,NL
37.48.89.149,NL
37.48.89.166,NL
37.48.89.179,NL
37.48.89.196,NL
37.48.89.213,NL
37.48.93.184,NL
37.48.95.108,NL
37.48.95.164,NL
37.48.95.174,NL
37.48.95.175,NL
37.48.95.194,NL
37.48.95.83,NL
40.113.105.173,NL
40.114.211.99,NL
45.12.253.28,NL
45.128.135.34,NL
45.128.199.68,NL
45.128.232.56,NL
45.128.27.251,NL
45.128.3.138,NL
45.133.44.24,NL
45.133.44.25,NL
45.133.44.3,NL
45.133.44.7,NL
45.133.44.8,NL
45.133.44.9,NL
45.134.144.119,NL
45.134.144.198,NL
45.134.144.211,NL
45.134.225.229,NL
45.136.229.146,NL
45.136.229.9,NL
45.136.230.249,NL
45.138.25.75,NL
45.140.190.10,NL
45.143.221.9,NL
45.144.219.140,NL
45.148.122.69,NL
45.148.122.84,NL
45.152.209.137,NL
45.152.211.114,NL
45.76.32.64,NL
45.8.17.69,NL
45.81.39.134,NL
45.81.39.73,NL
45.86.200.221,NL
45.91.209.103,NL
46.166.179.212,NL
46.166.191.25,NL
46.166.191.26,NL
46.166.191.27,NL
46.166.191.28,NL
46.166.191.29,NL
46.232.210.117,NL
46.232.210.150,NL
46.232.210.157,NL
46.232.210.160,NL
46.232.210.179,NL
46.232.210.180,NL
46.232.210.20,NL
46.232.210.210,NL
46.232.210.217,NL
46.232.210.30,NL
46.232.210.50,NL
46.232.210.53,NL
46.232.210.79,NL
46.232.210.88,NL
46.232.211.108,NL
46.232.211.110,NL
46.232.211.117,NL
46.232.211.130,NL
46.232.211.171,NL
46.232.211.180,NL
46.232.211.198,NL
46.232.211.200,NL
46.232.211.240,NL
46.232.211.30,NL
46.232.211.38,NL
46.232.211.40,NL
46.232.211.48,NL
46.232.211.60,NL
46.232.211.79,NL
46.232.211.98,NL
46.249.49.129,NL
5.180.181.200,NL
5.189.183.129,NL
5.189.185.57,NL
5.189.187.90,NL
5.189.188.23,NL
5.254.48.130,NL
5.254.48.135,NL
5.45.62.19,NL
5.45.62.53,NL
5.45.76.46,NL
5.45.87.147,NL
5.61.58.201,NL
5.79.104.251,NL
5.79.67.19,NL
5.79.73.121,NL
5.79.77.21,NL
5.79.77.82,NL
5.79.79.131,NL
5.79.83.193,NL
5.79.83.194,NL
5.79.93.242,NL
5.79.97.53,NL
5.79.98.149,NL
5.79.98.188,NL
5.79.98.210,NL
5.79.98.220,NL
5.79.98.81,NL
51.105.247.171,NL
51.136.14.31,NL
51.137.101.121,NL
51.15.104.33,NL
51.15.107.52,NL
51.15.108.68,NL
51.15.109.176,NL
51.15.11.91,NL
51.15.113.254,NL
51.15.114.137,NL
51.15.114.8,NL
51.15.116.175,NL
51.15.120.110,NL
51.15.120.15,NL
51.15.120.51,NL
51.15.121.83,NL
51.15.21.102,NL
51.15.38.152,NL
51.15.41.251,NL
51.15.41.46,NL
51.15.51.212,NL
51.15.55.204,NL
51.15.63.172,NL
51.15.7.212,NL
51.15.70.79,NL
51.15.78.68,NL
51.15.79.209,NL
51.15.8.40,NL
51.15.80.165,NL
51.15.80.245,NL
51.15.96.242,NL
51.158.166.79,NL
51.158.174.45,NL
51.158.176.41,NL
51.158.177.66,NL
51.158.178.194,NL
51.158.182.173,NL
51.158.182.52,NL
51.158.184.137,NL
52.178.17.2,NL
52.178.17.3,NL
58.142.150.151,NL
62.112.9.166,NL
62.131.158.163,NL
62.131.230.190,NL
62.131.80.117,NL
62.163.152.4,NL
62.163.157.67,NL
62.163.194.207,NL
62.163.247.80,NL
62.163.48.249,NL
68.183.3.13,NL
77.160.26.233,NL
77.160.48.9,NL
77.161.102.81,NL
77.161.68.208,NL
77.163.101.198,NL
77.166.189.221,NL
77.166.254.110,NL
77.166.73.71,NL
77.170.185.30,NL
77.173.55.97,NL
77.174.173.114,NL
77.174.181.56,NL
77.247.178.183,NL
77.247.181.213,NL
77.247.181.216,NL
77.247.181.218,NL
77.250.178.160,NL
77.250.71.52,NL
77.251.158.49,NL
77.63.8.228,NL
79.110.62.218,NL
79.110.63.140,NL
80.114.123.125,NL
80.114.210.11,NL
80.114.216.43,NL
80.115.247.177,NL
80.57.160.40,NL
80.61.16.110,NL
80.79.7.205,NL
80.82.76.246,NL
80.82.77.139,NL
80.82.77.33,NL
80.87.206.165,NL
81.161.229.224,NL
81.171.17.34,NL
81.171.17.44,NL
81.171.17.5,NL
81.171.17.59,NL
81.171.17.71,NL
81.171.18.114,NL
81.171.21.111,NL
81.171.28.43,NL
81.171.6.202,NL
81.171.6.81,NL
81.171.6.90,NL
81.171.9.164,NL
81.171.9.203,NL
81.19.208.94,NL
81.204.223.82,NL
81.205.244.134,NL
81.206.159.142,NL
81.59.84.96,NL
81.68.118.32,NL
81.68.134.31,NL
81.68.195.101,NL
81.68.77.245,NL
82.145.213.8,NL
82.148.193.44,NL
82.170.180.92,NL
82.174.162.162,NL
82.174.179.221,NL
82.180.149.144,NL
82.192.80.227,NL
82.192.85.134,NL
82.192.87.105,NL
82.196.0.207,NL
82.217.40.121,NL
82.217.6.173,NL
82.73.225.244,NL
82.73.51.8,NL
83.149.84.234,NL
83.149.93.8,NL
83.229.82.155,NL
83.81.170.16,NL
83.83.167.156,NL
83.85.166.166,NL
83.86.237.61,NL
83.87.102.176,NL
83.87.19.113,NL
84.17.46.213,NL
84.17.46.244,NL
84.17.47.94,NL
84.22.117.234,NL
84.24.219.155,NL
84.241.194.158,NL
84.241.197.187,NL
84.247.45.17,NL
84.27.121.83,NL
84.82.74.153,NL
84.85.156.70,NL
84.87.55.139,NL
84.87.71.50,NL
85.147.208.79,NL
85.149.117.3,NL
85.17.16.102,NL
85.17.19.180,NL
85.17.193.203,NL
85.17.213.223,NL
85.17.224.91,NL
85.17.225.221,NL
85.17.28.253,NL
85.17.29.160,NL
85.17.31.173,NL
85.17.80.5,NL
85.209.134.231,NL
85.31.46.253,NL
85.95.245.50,NL
86.80.252.245,NL
86.81.109.122,NL
86.84.186.41,NL
86.85.129.136,NL
86.85.62.191,NL
86.87.179.207,NL
86.87.99.107,NL
86.88.209.35,NL
86.89.166.64,NL
86.95.22.246,NL
87.208.141.32,NL
87.208.7.209,NL
87.209.222.129,NL
87.214.78.58,NL
87.215.14.89,NL
87.233.192.212,NL
88.208.29.90,NL
88.208.31.9,NL
88.208.55.28,NL
88.208.59.102,NL
88.208.60.136,NL
89.149.200.1,NL
89.149.201.132,NL
89.149.201.154,NL
89.149.201.236,NL
89.149.204.83,NL
89.149.207.194,NL
89.149.207.197,NL
89.149.207.199,NL
89.149.207.205,NL
89.149.212.51,NL
89.149.212.52,NL
89.149.219.89,NL
89.149.222.142,NL
89.149.222.207,NL
89.207.16.75,NL
89.248.163.186,NL
89.248.163.200,NL
89.248.163.215,NL
89.248.165.209,NL
89.248.165.226,NL
89.248.165.242,NL
89.248.165.52,NL
89.248.165.59,NL
89.248.167.131,NL
89.248.168.235,NL
89.248.171.179,NL
89.248.172.16,NL
89.36.23.14,NL
89.38.98.212,NL
89.46.223.188,NL
89.98.249.135,NL
90.145.30.23,NL
91.194.110.7,NL
91.194.110.8,NL
91.229.23.213,NL
92.118.39.82,NL
92.119.34.121,NL
92.60.40.243,NL
92.68.69.113,NL
92.70.4.13,NL
93.158.213.92,NL
93.174.95.106,NL
93.188.130.236,NL
94.102.49.190,NL
94.102.49.193,NL
94.102.50.103,NL
94.102.53.79,NL
94.102.61.10,NL
94.102.61.2,NL
94.102.61.20,NL
94.102.61.22,NL
94.102.61.26,NL
94.102.61.27,NL
94.102.61.28,NL
94.102.61.3,NL
94.102.61.30,NL
94.102.61.31,NL
94.102.61.32,NL
94.102.61.34,NL
94.102.61.37,NL
94.102.61.38,NL
94.102.61.39,NL
94.102.61.4,NL
94.102.61.40,NL
94.102.61.41,NL
94.102.61.42,NL
94.102.61.45,NL
94.102.61.46,NL
94.102.61.47,NL
94.102.61.48,NL
94.102.61.49,NL
94.102.61.5,NL
94.102.61.50,NL
94.102.61.53,NL
94.102.61.54,NL
94.102.61.6,NL
94.140.5.60,NL
94.140.5.66,NL
94.199.255.193,NL
94.211.27.247,NL
94.212.158.169,NL
94.75.218.175,NL
94.75.248.167,NL
95.168.161.206,NL
95.168.162.135,NL
95.168.162.155,NL
95.168.162.185,NL
95.168.162.195,NL
95.168.168.161,NL
95.172.79.221,NL
95.172.79.222,NL
95.172.79.224,NL
95.172.79.244,NL
95.211.156.232,NL
95.211.162.42,NL
95.211.19.131,NL
95.211.19.136,NL
95.211.19.140,NL
95.211.19.16,NL
95.211.19.19,NL
95.211.19.5,NL
95.211.19.74,NL
95.211.19.8,NL
95.211.190.52,NL
95.211.191.2,NL
95.211.191.96,NL
95.211.213.223,NL
95.211.229.245,NL
95.211.229.246,NL
95.211.229.247,NL
95.211.229.248,NL
95.211.31.244,NL
95.211.81.51,NL
95.97.95.10,NL
96.17.200.242,NL
98.98.134.241,NL
